High Level,TRCP SECTOR,Road Corridor,GIS Link,Group,Id+Tag,Project Tag,V6 Item,TRCP Projects,Status,Cost Status,SUBTOTALS($),In V7,TRDS2017-ID,TRDS2017-Project,TRDS2017-Desc,V7 Item,TRDS2017-TRCP
URBAN ROADS,SECTOR 3 - COBAKI ,COBAKI PARKWAY,,Interchange with Western By-Pass,"1: Boyd St overpass, earthworks and approach roads. Single lane only.","Boyd St overpass, earthworks and approach roads. Single lane only.",1,"Boyd St overpass, earthworks and approach roads. Single lane only.",Completed,Actual Cost,6450000,Yes,EXCL-COMPLETE,Completed V6 item not in TRDS,0,,0
URBAN ROADS,SECTOR 3 - COBAKI ,COBAKI PARKWAY,,Interchange with Western By-Pass,"2: Boyd St Overpass, earthworks and approach road. Future TSC Duplication","Boyd St Overpass, earthworks and approach road. Future TSC Duplication",2,"Boyd St Overpass, earthworks and approach road. Future TSC Duplication",Not Started,Preliminary Estimate,16342075,Yes,1,Construct Cobaki Parkway,"Boyd St overpass (Pacific Mwy) to Piggabeen Rd connection, passes through Cobaki development area.2-lane Piggabeen Rd to Town Centre. 4-lane section from Town Centre, north.",,Existing
URBAN ROADS,SECTOR 3 - COBAKI ,COBAKI PARKWAY,,Interchange with Western By-Pass,3: North Bound On South Bound Off,North Bound On South Bound Off,3,North Bound On South Bound Off,Not Started,Preliminary Estimate,14220440,Yes,2,Cobaki Interchange,"Pacific Motorway interchange at Boyd St, Northbound-on and Southbound-off ramps.",,Existing
URBAN ROADS,SECTOR 3 - COBAKI ,COBAKI PARKWAY,,Interchange with Western By-Pass,3(c): Compensatory Habitat and impact mitigation,Compensatory Habitat and impact mitigation,3(c),Compensatory Habitat and impact mitigation,Not Started,Preliminary Estimate,1000000,Yes,2,Cobaki Interchange,"Pacific Motorway interchange at Boyd St, Northbound-on and Southbound-off ramps.",,Existing
URBAN ROADS,SECTOR 3 - COBAKI ,COBAKI PARKWAY,,Interchange with Western By-Pass,3(d): Remove Landfill Eastern Approach,Remove Landfill Eastern Approach,3(d),Remove Landfill Eastern Approach,Completed,Detailed Estimate,3000000,Yes,2,Cobaki Interchange,"Pacific Motorway interchange at Boyd St, Northbound-on and Southbound-off ramps.",,Existing
URBAN ROADS,SECTOR 3 - COBAKI ,COBAKI PARKWAY,,Interchange with Western By-Pass,4: Purchase CALM Land,Purchase CALM Land,4,Purchase CALM Land,Completed,Actual Cost,60000,Yes,2,Cobaki Interchange,"Pacific Motorway interchange at Boyd St, Northbound-on and Southbound-off ramps.",,Existing
URBAN ROADS,SECTOR 3 - COBAKI ,COBAKI PARKWAY,Acquisition added, QLD Border to First Roundabout,6:     -- two lanes,    -- two lanes,6,    -- two lanes,Commenced,Detailed Estimate,1346304,Yes,1,Construct Cobaki Parkway,"Boyd St overpass (Pacific Mwy) to Piggabeen Rd connection, passes through Cobaki development area.2-lane Piggabeen Rd to Town Centre. 4-lane section from Town Centre, north.",,Existing
URBAN ROADS,SECTOR 3 - COBAKI ,COBAKI PARKWAY,Acquisition added,QLD Border to First Roundabout,6(a):     -- additional two lanes,    -- additional two lanes,6(a),    -- additional two lanes,Not Started,Preliminary Estimate,1379664,Yes,1,Construct Cobaki Parkway,"Boyd St overpass (Pacific Mwy) to Piggabeen Rd connection, passes through Cobaki development area.2-lane Piggabeen Rd to Town Centre. 4-lane section from Town Centre, north.",,Existing
URBAN ROADS,SECTOR 3 - COBAKI ,COBAKI PARKWAY,Acquisition added, QLD Border to First Roundabout,7:     -- two lanes,    -- two lanes,7,    -- two lanes,Commenced,Detailed Estimate,440755.2,Yes,1,Construct Cobaki Parkway,"Boyd St overpass (Pacific Mwy) to Piggabeen Rd connection, passes through Cobaki development area.2-lane Piggabeen Rd to Town Centre. 4-lane section from Town Centre, north.",,Existing
URBAN ROADS,SECTOR 3 - COBAKI ,COBAKI PARKWAY,Acquisition added,QLD Border to First Roundabout,7(a):     -- additional two lanes,    -- additional two lanes,7(a),    -- additional two lanes,Not Started,Preliminary Estimate,455083.2,Yes,1,Construct Cobaki Parkway,"Boyd St overpass (Pacific Mwy) to Piggabeen Rd connection, passes through Cobaki development area.2-lane Piggabeen Rd to Town Centre. 4-lane section from Town Centre, north.",,Existing
URBAN ROADS,SECTOR 3 - COBAKI ,COBAKI PARKWAY,Earthworks allowance added,Cobaki Parkway -- QLD Border to First Roundabout,7(b): Earthworks Allowance,Earthworks Allowance,7(b),Earthworks Allowance,Commenced,Detailed Estimate,998400,Yes,1,Construct Cobaki Parkway,"Boyd St overpass (Pacific Mwy) to Piggabeen Rd connection, passes through Cobaki development area.2-lane Piggabeen Rd to Town Centre. 4-lane section from Town Centre, north.",,Existing
URBAN ROADS,SECTOR 3 - COBAKI ,COBAKI PARKWAY,First Roundabout added,QLD Border to First Roundabou,8: First Roundabout 2 lane,First Roundabout 2 lane,8,First Roundabout 2 lane,Commenced,Detailed Estimate,542720,Yes,1,Construct Cobaki Parkway,"Boyd St overpass (Pacific Mwy) to Piggabeen Rd connection, passes through Cobaki development area.2-lane Piggabeen Rd to Town Centre. 4-lane section from Town Centre, north.",,Existing
URBAN ROADS,SECTOR 3 - COBAKI ,COBAKI PARKWAY,1st stage Acquisition added, First Roundabout to Town Centre (Sandy Lane North),9:     -- two lanes,    -- two lanes,9,    -- two lanes,Commenced,Detailed Estimate,2297895.6,Yes,1,Construct Cobaki Parkway,"Boyd St overpass (Pacific Mwy) to Piggabeen Rd connection, passes through Cobaki development area.2-lane Piggabeen Rd to Town Centre. 4-lane section from Town Centre, north.",,Existing
URBAN ROADS,SECTOR 3 - COBAKI ,COBAKI PARKWAY,2nd Stage Acquisition added, First Roundabout to Town Centre (Sandy Lane North),10:     -- additional two lanes,    -- additional two lanes,10,    -- additional two lanes,Not Started,Preliminary Estimate,2717769.6,Yes,1,Construct Cobaki Parkway,"Boyd St overpass (Pacific Mwy) to Piggabeen Rd connection, passes through Cobaki development area.2-lane Piggabeen Rd to Town Centre. 4-lane section from Town Centre, north.",,Existing
URBAN ROADS,SECTOR 3 - COBAKI ,COBAKI PARKWAY,Intersection added, First Roundabout to Town Centre (Sandy Lane North),10(a): Town Centre Intersection ultimate,Town Centre Intersection ultimate,10(a),Town Centre Intersection ultimate,Not Started,Preliminary Estimate,1593930,Yes,1,Construct Cobaki Parkway,"Boyd St overpass (Pacific Mwy) to Piggabeen Rd connection, passes through Cobaki development area.2-lane Piggabeen Rd to Town Centre. 4-lane section from Town Centre, north.",,Existing
URBAN ROADS,SECTOR 3 - COBAKI ,COBAKI PARKWAY,Earthworks allowance added,First Roundabout to Town Centre (Sandy Lane North),10(b): Earthworks Allowance,Earthworks Allowance,10(b),Earthworks Allowance,Not Started,Preliminary Estimate,1537200,Yes,1,Construct Cobaki Parkway,"Boyd St overpass (Pacific Mwy) to Piggabeen Rd connection, passes through Cobaki development area.2-lane Piggabeen Rd to Town Centre. 4-lane section from Town Centre, north.",,Existing
URBAN ROADS,SECTOR 3 - COBAKI ,COBAKI PARKWAY,1st stage, I/S Sandy Lane North to Piggabeen Road,11:     -- two lanes,    -- two lanes,11,    -- two lanes,Not Started,Preliminary Estimate,9147804,Yes,1,Construct Cobaki Parkway,"Boyd St overpass (Pacific Mwy) to Piggabeen Rd connection, passes through Cobaki development area.2-lane Piggabeen Rd to Town Centre. 4-lane section from Town Centre, north.",,Existing
URBAN ROADS,SECTOR 3 - COBAKI ,COBAKI PARKWAY,2nd Stage Acquisition added, I/S Sandy Lane North to Piggabeen Road,12:     -- additional two lanes,    -- additional two lanes,12,    -- additional two lanes,Not Started,Preliminary Estimate,8457894,No,EXCL,V6 item not in TRDS-delete,0,,EXCL
URBAN ROADS,SECTOR 3 - COBAKI ,COBAKI PARKWAY,Earthworks allowance added, I/S Sandy Lane North to Piggabeen Road:,12(a): Earthworks Allowance,Earthworks Allowance,12(a),Earthworks Allowance,Not Started,Preliminary Estimate,4758000,No,EXCL,V6 item not in TRDS-delete,0,,EXCL
URBAN ROADS,SECTOR 3 - COBAKI ,COBAKI PARKWAY,Intesections added,"roundabout intersections 2 lane ultimate (3 additional roundabouts (Sandy Lane South, and two others)",12(b): Cobaki Parkway roundabout intersections 2 lane ultimate (3 additional roundabouts (Sandy L,Cobaki Parkway roundabout intersections 2 lane ultimate (3 additional roundabouts (Sandy L,12(b),"Cobaki Parkway roundabout intersections 2 lane ultimate (3 additional roundabouts (Sandy Lane South, and two others)",Not Started,Preliminary Estimate,1950780,Yes,1,Construct Cobaki Parkway,"Boyd St overpass (Pacific Mwy) to Piggabeen Rd connection, passes through Cobaki development area.2-lane Piggabeen Rd to Town Centre. 4-lane section from Town Centre, north.",,Existing
URBAN ROADS,SECTOR 3 - COBAKI ,COBAKI PARKWAY,1st stage bridge,Bridge over Cobaki Creek,13:     -- two lanes,    -- two lanes,13,    -- two lanes,Commenced,Detailed Estimate,6957981,Yes,1,Construct Cobaki Parkway,"Boyd St overpass (Pacific Mwy) to Piggabeen Rd connection, passes through Cobaki development area.2-lane Piggabeen Rd to Town Centre. 4-lane section from Town Centre, north.",,Existing
URBAN ROADS,SECTOR 3 - COBAKI ,COBAKI PARKWAY,2nd stage bridge,Bridge over Cobaki Creek,14:     -- additional two lane bridge,    -- additional two lane bridge,14,    -- additional two lane bridge,Not Started,Preliminary Estimate,6252561,No,EXCL,V6 item not in TRDS-delete,0,,EXCL
URBAN ROADS,SECTOR 3 - COBAKI ,COBAKI PARKWAY,,Bridge over Cobaki Creek,15: i/s - Piggabeen Road,i/s - Piggabeen Road,15,i/s - Piggabeen Road,Not Started,Preliminary Estimate,1409100,Yes,1,Construct Cobaki Parkway,"Boyd St overpass (Pacific Mwy) to Piggabeen Rd connection, passes through Cobaki development area.2-lane Piggabeen Rd to Town Centre. 4-lane section from Town Centre, north.",,Existing
URBAN ROADS,SECTOR 4 - BILAMBIL HEIGHTS,BILAMBIL HTS,,Scenic Drive Link Road,16: Piggabeen Rd to McAllisters Road Extension (Rural Zone),Piggabeen Rd to McAllisters Road Extension (Rural Zone),16,Piggabeen Rd to McAllisters Road Extension (Rural Zone),Not Started,Preliminary Estimate,10826737.5,Yes,3,Piggabeen Road toMcAllisters Road extension,"McAllisters Rd (Item 5) to Piggabeen Rd connection, two lanes.",,Existing
URBAN ROADS,SECTOR 4 - BILAMBIL HEIGHTS,BILAMBIL HTS,,Scenic Drive Link Road,16(a): Piggabeen Rd to McAllisters Road Extension (Residential Zone),Piggabeen Rd to McAllisters Road Extension (Residential Zone),16(a),Piggabeen Rd to McAllisters Road Extension (Residential Zone),Not Started,Preliminary Estimate,7589925,Yes,3,Piggabeen Road toMcAllisters Road extension,"McAllisters Rd (Item 5) to Piggabeen Rd connection, two lanes.",,Existing
URBAN ROADS,SECTOR 4 - BILAMBIL HEIGHTS,BILAMBIL HTS,,Scenic Drive Link Road,17: i/s - McAllister's Extension,i/s - McAllister's Extension,17,i/s - McAllister's Extension,Not Started,Preliminary Estimate,1326750,Yes,3,Piggabeen Road toMcAllisters Road extension,"McAllisters Rd (Item 5) to Piggabeen Rd connection, two lanes.",,Existing
URBAN ROADS,SECTOR 4 - BILAMBIL HEIGHTS,BILAMBIL HTS,,Scenic Drive Link Road,18: From McAllister's Extension to Scenic Dr,From McAllister's Extension to Scenic Dr,18,From McAllister's Extension to Scenic Dr,Not Started,Preliminary Estimate,10265842.5,Yes,4,McAllisters Road extension to Scenic Drive,"Scenic Dr to McAllisters Rd connection, in conjunction with Item 4.",,Existing
URBAN ROADS,SECTOR 4 - BILAMBIL HEIGHTS,BILAMBIL HTS,,Scenic Drive Link Road,19: i/s - Scenic Dr,i/s - Scenic Dr,19,i/s - Scenic Dr,Not Started,Preliminary Estimate,484950,Yes,4,McAllisters Road extension to Scenic Drive,"Scenic Dr to McAllisters Rd connection, in conjunction with Item 4.",,Existing
URBAN ROADS,SECTOR 4 - BILAMBIL HEIGHTS,BILAMBIL HTS,,McAllisters Road,"20: i/s - Scenic Dr, Simpson, McAllisters Rd and Bilambil Road","i/s - Scenic Dr, Simpson, McAllisters Rd and Bilambil Road",20,"i/s - Scenic Dr, Simpson, McAllisters Rd and Bilambil Road",Not Started,Preliminary Estimate,2144760,Yes,LEGACY,V6 item not in TRDS but retain.,0,,LEGACY
URBAN ROADS,SECTOR 4 - BILAMBIL HEIGHTS,BILAMBIL HTS,,McAllisters Road,21: Upgrade Existing btwn Scenic Drive to west of Buenavista Dr widening,Upgrade Existing btwn Scenic Drive to west of Buenavista Dr widening,21,Upgrade Existing btwn Scenic Drive to west of Buenavista Dr widening,Not Started,Preliminary Estimate,562038.75,Yes,LEGACY,V6 item not in TRDS but retain.,0,,LEGACY
URBAN ROADS,SECTOR 4 - BILAMBIL HEIGHTS,BILAMBIL HTS,,McAllisters Road,23: Construct McAllisters Rd on existing alignment contribution to DA 04/1058,Construct McAllisters Rd on existing alignment contribution to DA 04/1058,23,Construct McAllisters Rd on existing alignment contribution to DA 04/1058,Completed,Preliminary Estimate,3196095,Yes,3,Piggabeen Road toMcAllisters Road extension,"McAllisters Rd (Item 5) to Piggabeen Rd connection, two lanes.",,Existing
URBAN ROADS,SECTOR 4 - BILAMBIL HEIGHTS,BILAMBIL HTS,,McAllisters Road,23(a): Upgrade existing from DA04/1058 to McAllister Road Extension,Upgrade existing from DA04/1058 to McAllister Road Extension,23(a),Upgrade existing from DA04/1058 to McAllister Road Extension,Completed,Preliminary Estimate,6432450,Yes,3,Piggabeen Road toMcAllisters Road extension,"McAllisters Rd (Item 5) to Piggabeen Rd connection, two lanes.",,Existing
URBAN ROADS,SECTOR 4 - BILAMBIL HEIGHTS,BILAMBIL HTS,,McAllisters Road Extension,24: McAllisters Rd to Scenic Dr Diversion,McAllisters Rd to Scenic Dr Diversion,24,McAllisters Rd to Scenic Dr Diversion,Not Started,Preliminary Estimate,14992275,Yes,3,Piggabeen Road toMcAllisters Road extension,"McAllisters Rd (Item 5) to Piggabeen Rd connection, two lanes.",,Existing
URBAN ROADS,SECTOR 4 - BILAMBIL HEIGHTS,BILAMBIL HTS,,McAllisters Road Extension,24(a): McAllisters Rd to Scenic Dr Diversion,McAllisters Rd to Scenic Dr Diversion,24(a),McAllisters Rd to Scenic Dr Diversion,Not Started,Preliminary Estimate,6646102.5,Yes,3,Piggabeen Road toMcAllisters Road extension,"McAllisters Rd (Item 5) to Piggabeen Rd connection, two lanes.",,Existing
URBAN ROADS,SECTOR 4 - BILAMBIL HEIGHTS,BILAMBIL HTS,Added Earthworks and land bank acquisition,McAllisters Road Extension,24(b): Earthworks allowance,Earthworks allowance,24(b),Earthworks allowance,Not Started,Preliminary Estimate,4076325,Yes,3,Piggabeen Road toMcAllisters Road extension,"McAllisters Rd (Item 5) to Piggabeen Rd connection, two lanes.",,Existing
URBAN ROADS,SECTOR 1 - TWEED HEADS,PIGGABEEN,Added Geotech estimate based on preload as per existing design,Piggabeen Road,25: Upgrade - Existing from Cobaki Parkway i/s to Piggabeen Rd Deviation,Upgrade - Existing from Cobaki Parkway i/s to Piggabeen Rd Deviation,25,Upgrade - Existing from Cobaki Parkway i/s to Piggabeen Rd Deviation,Not Started,Preliminary Estimate,10769778.75,Yes,LEGACY,V6 item not in TRDS but retain.,0,,LEGACY
URBAN ROADS,SECTOR 1 - TWEED HEADS,PIGGABEEN,Actual Costs added,Piggabeen Road,26: Piggabeen Road Deviation,Piggabeen Road Deviation,26,Piggabeen Road Deviation,Completed,Actual Cost,5115262.53,Yes,EXCL-COMPLETE,Completed V6 item not in TRDS,0,,0
URBAN ROADS,SECTOR 1 - TWEED HEADS,PIGGABEEN,Covered in above costs,Piggabeen Road,26(a): Roundabout (med) Caramar (included in 26),Roundabout (med) Caramar (included in 26),26(a),Roundabout (med) Caramar (included in 26),Completed,,0,Yes,EXCL-COMPLETE,Completed V6 item not in TRDS,0,,0
URBAN ROADS,SECTOR 1 - TWEED HEADS,PIGGABEEN,Covered in above costs,Piggabeen Road,27: i/s -- Anconia Ave (included in 26),i/s -- Anconia Ave (included in 26),27,i/s -- Anconia Ave (included in 26),Completed,,0,Yes,EXCL-COMPLETE,Completed V6 item not in TRDS,0,,0
URBAN ROADS,SECTOR 1 - TWEED HEADS,PIGGABEEN,,Piggabeen Road,28: Upgrade existing between Anconia Ave to Gollan Dr,Upgrade existing between Anconia Ave to Gollan Dr,28,Upgrade existing between Anconia Ave to Gollan Dr,Not Started,Preliminary Estimate,2235985.5,Yes,LEGACY,V6 item not in TRDS but retain.,0,,LEGACY
URBAN ROADS,SECTOR 1 - TWEED HEADS,PIGGABEEN,,Piggabeen Road,28(a): Roundabout Piggabeen/Gollan Drive,Roundabout Piggabeen/Gollan Drive,28(a),Roundabout Piggabeen/Gollan Drive,Not Started,Preliminary Estimate,1668960,Yes,5,Upgrade Kennedy Drive/ Piggabeen Road intersection to roundabout,Single lane roundabout intersection.,,Existing
URBAN ROADS,SECTOR 1 - TWEED HEADS,PIGGABEEN,,Kennedy Drive,29: Clearway between Cobaki Ck Bridge & Motorway (Includes Rd widening near Gray St),Clearway between Cobaki Ck Bridge & Motorway (Includes Rd widening near Gray St),29,Clearway between Cobaki Ck Bridge & Motorway (Includes Rd widening near Gray St),Completed,Detailed Estimate,121588,Yes,EXCL-COMPLETE,Completed V6 item not in TRDS,0,,0
URBAN ROADS,SECTOR 1 - TWEED HEADS,PIGGABEEN,,Kennedy Drive,30: i/s Barret St Upgrade (right turn),i/s Barret St Upgrade (right turn),30,i/s Barret St Upgrade (right turn),Completed,Detailed Estimate,138492.8,Yes,EXCL-COMPLETE,Completed V6 item not in TRDS,0,,0
URBAN ROADS,SECTOR 1 - TWEED HEADS,PIGGABEEN,,Kennedy Drive,30a: Barret St i/s upgrade to lights,Barret St i/s upgrade to lights,30a,Barret St i/s upgrade to lights,Not Started,Preliminary Estimate,1592100,Yes,LEGACY,V6 item not in TRDS but retain.,0,,LEGACY
URBAN ROADS,SECTOR 1 - TWEED HEADS,PIGGABEEN,,Kennedy Drive,30b: Rose St i/s upgrade to Lights,Rose St i/s upgrade to Lights,30b,Rose St i/s upgrade to Lights,Not Started,Preliminary Estimate,1592100,Yes,LEGACY,V6 item not in TRDS but retain.,0,,LEGACY
URBAN ROADS,SECTOR 1 - TWEED HEADS,PIGGABEEN,Amount reflects prepared estimate 2010,Kennedy Drive,30c: 4 lane Rose St To Cobaki Creek Bridge,4 lane Rose St To Cobaki Creek Bridge,30c,4 lane Rose St To Cobaki Creek Bridge,Completed,Detailed Estimate,8409251.5,Yes,EXCL-COMPLETE,Completed V6 item not in TRDS,0,,0
URBAN ROADS,SECTOR 1 - TWEED HEADS,PIGGABEEN,,Kennedy Drive,31: i/s - Ducat Street Traffic Lights Installed,i/s - Ducat Street Traffic Lights Installed,31,i/s - Ducat Street Traffic Lights Installed,Completed,Actual Cost,180800,Yes,EXCL-COMPLETE,Completed V6 item not in TRDS,0,,0
URBAN ROADS,SECTOR 1 - TWEED HEADS,PIGGABEEN,,Kennedy Drive,32: Route Lighting -- Cobaki Ck Br -- Motorway (West) ,Route Lighting -- Cobaki Ck Br -- Motorway (West) ,32,Route Lighting -- Cobaki Ck Br -- Motorway (West) ,Completed,Preliminary Estimate,749385,Yes,EXCL-COMPLETE,Completed V6 item not in TRDS,0,,0
URBAN ROADS,SECTOR 1 - TWEED HEADS,PIGGABEEN,,Kennedy Drive,33: Route lighting -- Motorway to Boyds Bay Bridge (East),Route lighting -- Motorway to Boyds Bay Bridge (East),33,Route lighting -- Motorway to Boyds Bay Bridge (East),Completed,Preliminary Estimate,683047.5,Yes,EXCL-COMPLETE,Completed V6 item not in TRDS,0,,0
URBAN ROADS,SECTOR 1 - TWEED HEADS,PIGGABEEN,,Kirkwood Road,36(p): Stage 2.4 Kennedy Drive intersection upgrade full signals,Stage 2.4 Kennedy Drive intersection upgrade full signals,36(p),Stage 2.4 Kennedy Drive intersection upgrade full signals,Commenced,Detailed Estimate,4730139,Yes,12,Signalise Pacific Highway (southbound)/ Kennedy Drive intersection,Upgrade existing southbound on- ramp/Kennedy Dr roundabout in coordination with Item 11. Includes additional westbound trap lane for northbound traffic.,,Existing
URBAN ROADS,SECTOR 1 - TWEED HEADS,PIGGABEEN,,Kennedy Drive,TRDS-6: Upgrade Pacific Highway ramp (southbound)/ Gold Coast Highway intersection.,Upgrade Pacific Highway ramp (southbound)/ Gold Coast Highway intersection.,,Upgrade Pacific Highway ramp (southbound)/ Gold Coast Highway intersection.,TRDS-New,,0,Yes,6,Upgrade Pacific Highway ramp (southbound)/ Gold Coast Highway intersection.,Additional westbound through lane on Gold Coast Highway. Realignment of southbound motorway on- ramp as exit lanes.,,New
URBAN ROADS,SECTOR 1 - TWEED HEADS,PIGGABEEN,,Sugarwood Drive,TRDS-7: Upgrade Pacific Highway ramp (northbound)/ Sugarwood Drive intersection,Upgrade Pacific Highway ramp (northbound)/ Sugarwood Drive intersection,,Upgrade Pacific Highway ramp (northbound)/ Sugarwood Drive intersection,TRDS-New,,0,Yes,7,Upgrade Pacific Highway ramp (northbound)/ Sugarwood Drive intersection,Dual right and left turn lanes and extension fornorthbound on-ramp northbound off-ramp left turn moved to intersection.,,New
URBAN ROADS,SECTOR 1 - TWEED HEADS,PIGGABEEN,,Sugarwood Drive,TRDS-9: Signalise Sugarwood Drive/ Parkes Drive intersection,Signalise Sugarwood Drive/ Parkes Drive intersection,,Signalise Sugarwood Drive/ Parkes Drive intersection,TRDS-New,,0,Yes,9,Signalise Sugarwood Drive/ Parkes Drive intersection,Signalise Parkes Dr/Sugarwood Dr intersection. Northbound off- ramp leg moved as part of Item 9.,,New
URBAN ROADS,SECTOR 1 - TWEED HEADS,PIGGABEEN,,Sugarwood Drive,TRDS-10: Convert Sugarwood Drive to a two-way service road,Convert Sugarwood Drive to a two-way service road,,Convert Sugarwood Drive to a two-way service road,TRDS-New,,0,Yes,10,Convert Sugarwood Drive to a two-way service road,"Upgrade Sugarwood Dr to two-way road, from motorway interchange to Kennedy Dr.",,New
URBAN ROADS,SECTOR 1 - TWEED HEADS,PIGGABEEN,,Kennedy Drive,TRDS-11: Signalise Kennedy Drive/ Sugarwood Drive intersection,Signalise Kennedy Drive/ Sugarwood Drive intersection,,Signalise Kennedy Drive/ Sugarwood Drive intersection,TRDS-New,,0,Yes,11,Signalise Kennedy Drive/ Sugarwood Drive intersection,"Signalise Kennedy Dr/ Sugarwood Dr, adds southbound movement from Sugarwood Dr inconjunction with Item 12 and Item 10.",,New
URBAN ROADS,SECTOR 1 - TWEED HEADS,PIGGABEEN,,Kennedy Drive,TRDS-13: Upgrade Kennedy Drive/ Ducat Street intersection,Upgrade Kennedy Drive/ Ducat Street intersection,,Upgrade Kennedy Drive/ Ducat Street intersection,TRDS-New,,0,Yes,13,Upgrade Kennedy Drive/ Ducat Street intersection,Ducat St dual right turn and3rd lane extension westbound on Kennedy Dr.,,New
URBAN ROADS,SECTOR 1 - TWEED HEADS,PIGGABEEN,,Kennedy Drive,TRDS-14: Upgrade Wharf Street /Boyd Street / Kennedy Drive on-ramp intersections,Upgrade Wharf Street /Boyd Street / Kennedy Drive on-ramp intersections,,Upgrade Wharf Street /Boyd Street / Kennedy Drive on-ramp intersections,TRDS-New,,0,Yes,14,Upgrade Wharf Street /Boyd Street / Kennedy Drive on-ramp intersections,Option tested includes median separation of Kennedy Dr on-ramp and70m extension of northbound kerbside lane on Wharf St.,,New
URBAN ROADS,SECTOR 1 - TWEED HEADS,PIGGABEEN,,Kennedy Drive,TRDS-15: Upgrade Wharf Street/ Florence Street intersection,Upgrade Wharf Street/ Florence Street intersection,,Upgrade Wharf Street/ Florence Street intersection,TRDS-New,,0,Yes,15,Upgrade Wharf Street/ Florence Street intersection,Add lane to western leg and new southbound left turn pocket.,,New
,SECTOR 1 - TWEED HEADS,Ourimbah Road,,Ourimbah Road Extension,TRDS-: Extend From Cul de Sac to new intersection with Sugarwood Drive ,Extend From Cul de Sac to new intersection with Sugarwood Drive ,,Extend From Cul de Sac to new intersection with Sugarwood Drive ,,,0,Yes,,,,,New
URBAN ROADS,SECTOR 2 - TWEED SOUTH,Kirkwood Road,,Kirkwood Road,36(a): Stage 1.1.1 Kirkwood Road from Falcon Way to Eastern Interchange,Stage 1.1.1 Kirkwood Road from Falcon Way to Eastern Interchange,36(a),Stage 1.1.1 Kirkwood Road from Falcon Way to Eastern Interchange,Completed,Detailed Estimate,5327204,Yes,EXCL-COMPLETE,Completed V6 item not in TRDS,0,,0
URBAN ROADS,SECTOR 2 - TWEED SOUTH,Kirkwood Road,,Kirkwood Road,36(b): Stage 1.1.2 Eastern Interchange,Stage 1.1.2 Eastern Interchange,36(b),Stage 1.1.2 Eastern Interchange,Completed,Detailed Estimate,3381728,Yes,18,Pacific Highway (northbound)/ Kirkwood Road interchange (northbound),New roundaboutinterchange with northbound on and off ramps. In conjunction with Item 17.,,Existing
URBAN ROADS,SECTOR 2 - TWEED SOUTH,Kirkwood Road,,Kirkwood Road,36(c): Stage 1.1.3 South Bound On Ramp from Eastern Interchange,Stage 1.1.3 South Bound On Ramp from Eastern Interchange,36(c),Stage 1.1.3 South Bound On Ramp from Eastern Interchange,Completed,Detailed Estimate,2784831,Yes,18,Pacific Highway (northbound)/ Kirkwood Road interchange (northbound),New roundaboutinterchange with northbound on and off ramps. In conjunction with Item 17.,,Existing
URBAN ROADS,SECTOR 2 - TWEED SOUTH,Kirkwood Road,,Kirkwood Road,36(d): Stage 1.1.4 South Bound Service Road,Stage 1.1.4 South Bound Service Road,36(d),Stage 1.1.4 South Bound Service Road,Commenced,Detailed Estimate,4521814,No,EXCL,V6 item not in TRDS-delete,0,,EXCL
URBAN ROADS,SECTOR 2 - TWEED SOUTH,Kirkwood Road,,Kirkwood Road,36(e): Stage 1.1.5 Temporary South Bound Off Ramp,Stage 1.1.5 Temporary South Bound Off Ramp,36(e),Stage 1.1.5 Temporary South Bound Off Ramp,Completed,Detailed Estimate,916163,Yes,EXCL-COMPLETE,Completed V6 item not in TRDS,0,,0
URBAN ROADS,SECTOR 2 - TWEED SOUTH,Kirkwood Road,,Kirkwood Road,36(f): Stage 1.1.6 Kirkwood Road Hwy Overpass,Stage 1.1.6 Kirkwood Road Hwy Overpass,36(f),Stage 1.1.6 Kirkwood Road Hwy Overpass,Commenced,Detailed Estimate,18366899,Yes,17,Kirkwood Road extension toFraser Drive,4-lane connection from Fraser Dr to Kirkwood Rd. Includes two-lane overpass.,,Existing
URBAN ROADS,SECTOR 2 - TWEED SOUTH,Kirkwood Road,,Kirkwood Road,36(g): Stage 1.1.7 Kirkwood Road Western Interchange,Stage 1.1.7 Kirkwood Road Western Interchange,36(g),Stage 1.1.7 Kirkwood Road Western Interchange,Commenced,Detailed Estimate,1065749,Yes,17,Kirkwood Road extension toFraser Drive,4-lane connection from Fraser Dr to Kirkwood Rd. Includes two-lane overpass.,,Existing
URBAN ROADS,SECTOR 2 - TWEED SOUTH,Kirkwood Road,,Kirkwood Road,36(h): Stage 1.1.8 North Bound Off Ramp,Stage 1.1.8 North Bound Off Ramp,36(h),Stage 1.1.8 North Bound Off Ramp,Commenced,Detailed Estimate,4398936,Yes,18,Pacific Highway (northbound)/ Kirkwood Road interchange (northbound),New roundaboutinterchange with northbound on and off ramps. In conjunction with Item 17.,,Existing
URBAN ROADS,SECTOR 2 - TWEED SOUTH,Kirkwood Road,,Kirkwood Road,36(i): Stage 1.1.9a Kirkwood Road Extension to Fraser Drive,Stage 1.1.9a Kirkwood Road Extension to Fraser Drive,36(i),Stage 1.1.9a Kirkwood Road Extension to Fraser Drive,Commenced,Detailed Estimate,3288038,Yes,17,Kirkwood Road extension toFraser Drive,4-lane connection from Fraser Dr to Kirkwood Rd. Includes two-lane overpass.,,Existing
URBAN ROADS,SECTOR 2 - TWEED SOUTH,Kirkwood Road,,Kirkwood Road,36(j): Stage 1.1.9b Kirkwood Road Widening at Fraser Drive Roundabout,Stage 1.1.9b Kirkwood Road Widening at Fraser Drive Roundabout,36(j),Stage 1.1.9b Kirkwood Road Widening at Fraser Drive Roundabout,Commenced,Detailed Estimate,206950.435,Yes,17,Kirkwood Road extension toFraser Drive,4-lane connection from Fraser Dr to Kirkwood Rd. Includes two-lane overpass.,,Existing
URBAN ROADS,SECTOR 2 - TWEED SOUTH,Kirkwood Road,,Kirkwood Road,36(k): Stage 1.1.10a Fraser Drive Kirkwood Road Roundabout ,Stage 1.1.10a Fraser Drive Kirkwood Road Roundabout ,36(k),Stage 1.1.10a Fraser Drive Kirkwood Road Roundabout ,Commenced,Detailed Estimate,492706,Yes,17,Kirkwood Road extension toFraser Drive,4-lane connection from Fraser Dr to Kirkwood Rd. Includes two-lane overpass.,,Existing
URBAN ROADS,SECTOR 2 - TWEED SOUTH,Kirkwood Road,,Kirkwood Road,36(l): Stage 1.1.10b Fraser Drive Kirkwood Road Roundabout widening,Stage 1.1.10b Fraser Drive Kirkwood Road Roundabout widening,36(l),Stage 1.1.10b Fraser Drive Kirkwood Road Roundabout widening,Commenced,Detailed Estimate,146016,Yes,17,Kirkwood Road extension toFraser Drive,4-lane connection from Fraser Dr to Kirkwood Rd. Includes two-lane overpass.,,Existing
URBAN ROADS,SECTOR 2 - TWEED SOUTH,Kirkwood Road,,Kirkwood Road,36(m): Stage 2.1 Eastern Service Road to Terranora Inlet,Stage 2.1 Eastern Service Road to Terranora Inlet,36(m),Stage 2.1 Eastern Service Road to Terranora Inlet,Commenced,Detailed Estimate,3398463,No,EXCL,V6 item not in TRDS-delete,0,,EXCL
URBAN ROADS,SECTOR 2 - TWEED SOUTH,Kirkwood Road,,Kirkwood Road,36(n): Stage 2.2 Eastern Service Road Bridge Terranora Inlet,Stage 2.2 Eastern Service Road Bridge Terranora Inlet,36(n),Stage 2.2 Eastern Service Road Bridge Terranora Inlet,Commenced,Detailed Estimate,29413252,No,EXCL,V6 item not in TRDS-delete,0,,EXCL
URBAN ROADS,SECTOR 2 - TWEED SOUTH,Kirkwood Road,,Kirkwood Road,36(o): Stage 2.3 Eastern Service Road To Kennedy Drive Intersection,Stage 2.3 Eastern Service Road To Kennedy Drive Intersection,36(o),Stage 2.3 Eastern Service Road To Kennedy Drive Intersection,Commenced,Detailed Estimate,4824689,No,EXCL,V6 item not in TRDS-delete,0,,EXCL
URBAN ROADS,SECTOR 2 - TWEED SOUTH,Kirkwood Road,,Kirkwood Road,36(q): Stage 2.5 North Bound Service Road On Ramp Link to Terranora Bridge,Stage 2.5 North Bound Service Road On Ramp Link to Terranora Bridge,36(q),Stage 2.5 North Bound Service Road On Ramp Link to Terranora Bridge,Commenced,Detailed Estimate,7794500,Yes,18,Pacific Highway (northbound)/ Kirkwood Road interchange (northbound),New roundaboutinterchange with northbound on and off ramps. In conjunction with Item 17.,,Existing
URBAN ROADS,SECTOR 2 - TWEED SOUTH,Kirkwood Road,,Kirkwood Road,36(r): Stage 2.6 North Bound Service Road Bridge Terranora Inlet,Stage 2.6 North Bound Service Road Bridge Terranora Inlet,36(r),Stage 2.6 North Bound Service Road Bridge Terranora Inlet,Commenced,Detailed Estimate,32437700,No,EXCL,V6 item not in TRDS-delete,0,,EXCL
URBAN ROADS,SECTOR 2 - TWEED SOUTH,Kirkwood Road,,Kirkwood Road,36(s): Stage 2.7 North Bound Service Road to Kennedy Drive,Stage 2.7 North Bound Service Road to Kennedy Drive,36(s),Stage 2.7 North Bound Service Road to Kennedy Drive,Commenced,Detailed Estimate,4623660,No,EXCL,V6 item not in TRDS-delete,0,,EXCL
URBAN ROADS,SECTOR 2 - TWEED SOUTH,Kirkwood Road,,Kirkwood Road,36(t): Stage 2.8 Kennedy Drive Service Road Overpasses East and West,Stage 2.8 Kennedy Drive Service Road Overpasses East and West,36(t),Stage 2.8 Kennedy Drive Service Road Overpasses East and West,Commenced,Detailed Estimate,13310482,No,EXCL,V6 item not in TRDS-delete,0,,EXCL
URBAN ROADS,SECTOR 2 - TWEED SOUTH,Kirkwood Road,,Kirkwood Road,39: Enterprise Ave Extension ,Enterprise Ave Extension ,39,Enterprise Ave Extension ,Not Started,Preliminary Estimate,7583520,Yes,19,Extend Enterprise Avenue to Kirkwood Road,North-south 2-lane connection to new Kirkwood Rd interchange (Item 18),,Existing
URBAN ROADS,SECTOR 2 - TWEED SOUTH,Kirkwood Road,,Kirkwood Road,47: I/s Kirkwood Road and Minjungbal Dr,I/s Kirkwood Road and Minjungbal Dr,47,I/s Kirkwood Road and Minjungbal Dr,Completed,Actual Cost,309959,Yes,EXCL,V6 item not in TRDS-delete,0,,EXCL
URBAN ROADS,SECTOR 2 - TWEED SOUTH,Kirkwood Road,,Kirkwood Road,47(a): I/s Kennedy Dr and Crystal Waters Dr (extend merge towards bridge and reconstruct road sho,I/s Kennedy Dr and Crystal Waters Dr (extend merge towards bridge and reconstruct road sho,47(a),I/s Kennedy Dr and Crystal Waters Dr (extend merge towards bridge and reconstruct road shoulder),Completed,Actual Cost,31640,Yes,EXCL,V6 item not in TRDS-delete,0,,EXCL
URBAN ROADS,SECTOR 2 - TWEED SOUTH,Kirkwood Road,,Kirkwood Road,47(b): Kirkwood Road Minjungbal Dr intersection treatment for future B Double approved route,Kirkwood Road Minjungbal Dr intersection treatment for future B Double approved route,47(b),Kirkwood Road Minjungbal Dr intersection treatment for future B Double approved route,Not Started,Preliminary Estimate,969900,Yes,LEGACY,V6 item not in TRDS but retain.,0,,LEGACY
URBAN ROADS,SECTOR 2 - TWEED SOUTH,BANORA POINT,,Fraser Drive,48: Harrier St to Stradbroke Dr (Widen to 4 lanes),Harrier St to Stradbroke Dr (Widen to 4 lanes),48,Harrier St to Stradbroke Dr (Widen to 4 lanes),Not Started,Preliminary Estimate,29256576,Yes,20,Four-laning of Fraser Drive,Kirkwood Rd/Fraser Dr (Item 17) intersection to Fraser Dr/ Amaroo Dr intersection. Approx 3.4km4-lane section.,,Existing
URBAN ROADS,SECTOR 2 - TWEED SOUTH,BANORA POINT,,Fraser Drive,48(a): Harrier St to Kirkwood Road (Stage 1.1.11 Kirkwood Road West),Harrier St to Kirkwood Road (Stage 1.1.11 Kirkwood Road West),48(a),Harrier St to Kirkwood Road (Stage 1.1.11 Kirkwood Road West),Commenced,Detailed Estimate,264550,Yes,20,Four-laning of Fraser Drive,Kirkwood Rd/Fraser Dr (Item 17) intersection to Fraser Dr/ Amaroo Dr intersection. Approx 3.4km4-lane section.,,Existing
URBAN ROADS,SECTOR 2 - TWEED SOUTH,BANORA POINT,,Fraser Drive,48(b): Stradbroke Dr to Leisure Dr (Complete),Stradbroke Dr to Leisure Dr (Complete),48(b),Stradbroke Dr to Leisure Dr (Complete),Completed,Actual Cost,2499117.04,Yes,20,Four-laning of Fraser Drive,Kirkwood Rd/Fraser Dr (Item 17) intersection to Fraser Dr/ Amaroo Dr intersection. Approx 3.4km4-lane section.,,Existing
URBAN ROADS,SECTOR 2 - TWEED SOUTH,BANORA POINT,,Fraser Drive,49: i/s - Leisure Dr (Complete) Total inc in item 48(b),i/s - Leisure Dr (Complete) Total inc in item 48(b),49,i/s - Leisure Dr (Complete) Total inc in item 48(b),Completed,,0,Yes,EXCL,V6 item not in TRDS-delete,0,,EXCL
URBAN ROADS,SECTOR 2 - TWEED SOUTH,BANORA POINT,,Fraser Drive,49(1): (cont.) Traffic Lights Total inc in item 48(b),(cont.) Traffic Lights Total inc in item 48(b),49(1),(cont.) Traffic Lights Total inc in item 48(b),Completed,,0,Yes,EXCL,V6 item not in TRDS-delete,0,,EXCL
URBAN ROADS,SECTOR 2 - TWEED SOUTH,BANORA POINT,,Fraser Drive,50: Leisure Dr to Amaroo Drive Widen and Strengthen to 4 lanes,Leisure Dr to Amaroo Drive Widen and Strengthen to 4 lanes,50,Leisure Dr to Amaroo Drive Widen and Strengthen to 4 lanes,Not Started,Preliminary Estimate,3630720,Yes,20,Four-laning of Fraser Drive,Kirkwood Rd/Fraser Dr (Item 17) intersection to Fraser Dr/ Amaroo Dr intersection. Approx 3.4km4-lane section.,,Existing
URBAN ROADS,SECTOR 2 - TWEED SOUTH,BANORA POINT,,Fraser Drive,51: i/s -  Broadwater Parkway. Includes urban land acquisition and construction of Broadwater ,i/s -  Broadwater Parkway. Includes urban land acquisition and construction of Broadwater ,51,"i/s -  Broadwater Parkway. Includes urban land acquisition and construction of Broadwater Parkway Ch 0-250m, and planning approval for whole of Broadwater Parkway",Not Started,Preliminary Estimate,4427685,Yes,LEGACY,V6 item not in TRDS but retain.,0,,LEGACY
URBAN ROADS,SECTOR 2 - TWEED SOUTH,BANORA POINT,,Fraser Drive,51.1: (cont.) Environmental land acquisition and earthworks,(cont.) Environmental land acquisition and earthworks,51.1,(cont.) Environmental land acquisition and earthworks,Not Started,Preliminary Estimate,963861,Yes,LEGACY,V6 item not in TRDS but retain.,0,,LEGACY
URBAN ROADS,SECTOR 2 - TWEED SOUTH,BANORA POINT,,Fraser Drive,51(a): i/s - Amaroo Dr reprioritisation,i/s - Amaroo Dr reprioritisation,51(a),i/s - Amaroo Dr reprioritisation,Not Started,Preliminary Estimate,576450,Yes,20,Four-laning of Fraser Drive,Kirkwood Rd/Fraser Dr (Item 17) intersection to Fraser Dr/ Amaroo Dr intersection. Approx 3.4km4-lane section.,,Existing
,SECTOR 2 - TWEED SOUTH,BANORA POINT,,Fraser Drive,TRDS-21: Signalise Greenway Drive/ Traders Way intersection,Signalise Greenway Drive/ Traders Way intersection,,Signalise Greenway Drive/ Traders Way intersection,TRDS-New,,0,Yes,21,Signalise Greenway Drive/ Traders Way intersection,New signalised intersection.,,New
URBAN ROADS,SECTOR 2 - TWEED SOUTH,BANORA POINT,,Fraser Drive,52: i/s Terranora Rd,i/s Terranora Rd,52,i/s Terranora Rd,Completed,Preliminary Estimate,823500,Yes,EXCL-COMPLETE,Completed V6 item not in TRDS,0,,0
URBAN ROADS,SECTOR 2 - TWEED SOUTH,BANORA POINT,,Fraser Drive,52(a): Route Lighting from Amaroo to Terranora Rd,Route Lighting from Amaroo to Terranora Rd,52(a),Route Lighting from Amaroo to Terranora Rd,Completed,Preliminary Estimate,543967.5,Yes,EXCL-COMPLETE,Completed V6 item not in TRDS,0,,0
URBAN ROADS,SECTOR 2 - TWEED SOUTH,BANORA POINT,,Leisure Drive widening (2 Lane),53: Frasers Dr to Eucalyptus Dr (Centaur) - Widening 2 Lanes,Frasers Dr to Eucalyptus Dr (Centaur) - Widening 2 Lanes,53,Frasers Dr to Eucalyptus Dr (Centaur) - Widening 2 Lanes,Completed,Actual Cost,972506.25,Yes,EXCL-COMPLETE,Completed V6 item not in TRDS,0,,0
URBAN ROADS,SECTOR 2 - TWEED SOUTH,BANORA POINT,,Leisure Drive widening (2 Lane),53 (cont): (cont.) Route Lighting,(cont.) Route Lighting,53 (cont),(cont.) Route Lighting,Completed,Actual Cost,139837.5,Yes,EXCL-COMPLETE,Completed V6 item not in TRDS,0,,0
URBAN ROADS,SECTOR 2 - TWEED SOUTH,BANORA POINT,,Leisure Drive widening (2 Lane),53(a): Eucalyptus Dr to Greenway Dr - 2 Lanes widening,Eucalyptus Dr to Greenway Dr - 2 Lanes widening,53(a),Eucalyptus Dr to Greenway Dr - 2 Lanes widening,Commenced,Detailed Estimate,3330756,No,EXCL,V6 item not in TRDS-delete,0,,EXCL
URBAN ROADS,SECTOR 2 - TWEED SOUTH,BANORA POINT,,Leisure Drive widening (2 Lane),54: i/s - Eucalyptus Dr,i/s - Eucalyptus Dr,54,i/s - Eucalyptus Dr,Completed,Detailed Estimate,536250,Yes,EXCL-COMPLETE,Completed V6 item not in TRDS,0,,0
URBAN ROADS,SECTOR 2 - TWEED SOUTH,BANORA POINT,,Leisure Drive widening (2 Lane),54(a): i/s - Nudgee,i/s - Nudgee,54(a),i/s - Nudgee,Commenced,Detailed Estimate,536250,No,EXCL,V6 item not in TRDS-delete,0,,EXCL
URBAN ROADS,SECTOR 2 - TWEED SOUTH,BANORA POINT,,Leisure Drive widening (2 Lane),55: Bridge over Western Drainage Canal ,Bridge over Western Drainage Canal ,55,Bridge over Western Drainage Canal ,Completed,Detailed Estimate,1356000,Yes,EXCL-COMPLETE,Completed V6 item not in TRDS,0,,0
URBAN ROADS,SECTOR 2 - TWEED SOUTH,BANORA POINT,,Leisure Drive widening (2 Lane),56: i/s - Greenway Dr,i/s - Greenway Dr,56,i/s - Greenway Dr,Completed,Detailed Estimate,169500,Yes,EXCL-COMPLETE,Completed V6 item not in TRDS,0,,0
URBAN ROADS,SECTOR 2 - TWEED SOUTH,BANORA POINT,,Leisure Drive widening (2 Lane),57: Darlington Dr (Motorway interchange to Leisure Dr) - 2 Lanes,Darlington Dr (Motorway interchange to Leisure Dr) - 2 Lanes,57,Darlington Dr (Motorway interchange to Leisure Dr) - 2 Lanes,Completed,Detailed Estimate,596640,Yes,EXCL-COMPLETE,Completed V6 item not in TRDS,0,,0
URBAN ROADS,SECTOR 2 - TWEED SOUTH,BANORA POINT,,Leisure Drive widening (2 Lane),57(a): Darlington Dr to Winders Pl - 2 Lanes Widening,Darlington Dr to Winders Pl - 2 Lanes Widening,57(a),Darlington Dr to Winders Pl - 2 Lanes Widening,Completed,Detailed Estimate,198880,Yes,EXCL-COMPLETE,Completed V6 item not in TRDS,0,,0
URBAN ROADS,SECTOR 2 - TWEED SOUTH,BANORA POINT,,Leisure Drive widening (2 Lane),57(b): Winders Pl to Greenway Dr - 2 Lanes Widening,Winders Pl to Greenway Dr - 2 Lanes Widening,57(b),Winders Pl to Greenway Dr - 2 Lanes Widening,Not Started,Preliminary Estimate,3729997.5,Yes,LEGACY,V6 item not in TRDS but retain.,0,,LEGACY
URBAN ROADS,SECTOR 2 - TWEED SOUTH,BANORA POINT,,Leisure Drive widening (2 Lane),58: i/s - Darlington Dr (East),i/s - Darlington Dr (East),58,i/s - Darlington Dr (East),Completed,Actual Cost,456520,Yes,EXCL-COMPLETE,Completed V6 item not in TRDS,0,,0
URBAN ROADS,SECTOR 2 - TWEED SOUTH,BANORA POINT,,Leisure Drive widening (2 Lane),59: Darlington Dr/Motorway Intersection,Darlington Dr/Motorway Intersection,59,Darlington Dr/Motorway Intersection,Completed,Actual Cost,293144.6,Yes,EXCL-COMPLETE,Completed V6 item not in TRDS,0,,0
URBAN ROADS,SECTOR 2 - TWEED SOUTH,BANORA POINT,,Leisure Drive widening (2 Lane),59(a): Winders Place/Leisure Dr Intersection (Signals only),Winders Place/Leisure Dr Intersection (Signals only),59(a),Winders Place/Leisure Dr Intersection (Signals only),Completed,Actual Cost,180800,Yes,EXCL-COMPLETE,Completed V6 item not in TRDS,0,,0
URBAN ROADS,SECTOR 2 - TWEED SOUTH,BANORA POINT,,Darlington Drive,60: Darlington Dr from Tweed Heads Bypass to Leisure Drive,Darlington Dr from Tweed Heads Bypass to Leisure Drive,60,Darlington Dr from Tweed Heads Bypass to Leisure Drive,Completed,Detailed Estimate,1566180,Yes,EXCL-COMPLETE,Completed V6 item not in TRDS,0,,0
URBAN ROADS,SECTOR 2 - TWEED SOUTH,BANORA POINT,,Darlington Drive,60(a): South bound offramp from Minjungbal Dr to Darlington Dr,South bound offramp from Minjungbal Dr to Darlington Dr,60(a),South bound offramp from Minjungbal Dr to Darlington Dr,Completed,Detailed Estimate,418100,Yes,EXCL-COMPLETE,Completed V6 item not in TRDS,0,,0
URBAN ROADS,SECTOR 2 - TWEED SOUTH,BANORA POINT,,Darlington Drive,61: Interchange -- contribution to RTA ,Interchange -- contribution to RTA ,61,Interchange -- contribution to RTA ,Completed,Actual Cost,675740,Yes,EXCL-COMPLETE,Completed V6 item not in TRDS,0,,0
URBAN ROADS,SECTOR 2 - TWEED SOUTH,TWEED HEADS SOUTH/BANORA,,Minjungbal Dve,61(a): Minjungbal Dr/Shallow Bay Dr Intersection,Minjungbal Dr/Shallow Bay Dr Intersection,61(a),Minjungbal Dr/Shallow Bay Dr Intersection,Completed,Detailed Estimate,339000,Yes,EXCL-COMPLETE,Completed V6 item not in TRDS,0,,0
URBAN ROADS,SECTOR 2 - TWEED SOUTH,TWEED HEADS SOUTH/BANORA,,Minjungbal Dve,61(b): Minjungbal Dr/Machinery Dr Intersection,Minjungbal Dr/Machinery Dr Intersection,61(b),Minjungbal Dr/Machinery Dr Intersection,Completed,Actual Cost,364990,Yes,28,Upgrade Minjungbal Drive/ Machinery Drive intersection,Upgrade signal cycle times and phasing.,,New
URBAN ROADS,SECTOR 2 - TWEED SOUTH,TWEED HEADS SOUTH/BANORA,,Minjungbal Dve,61(c): Shallow Bay Dr to Eastlakes Dr Connection,Shallow Bay Dr to Eastlakes Dr Connection,61(c),Shallow Bay Dr to Eastlakes Dr Connection,Completed,Actual Cost,378550,Yes,EXCL-COMPLETE,Completed V6 item not in TRDS,0,,0
URBAN ROADS,SECTOR 2 - TWEED SOUTH,TWEED HEADS SOUTH/BANORA,,Minjungbal Dve,61(d): Amber Rd/Machinery Dr Intersection,Amber Rd/Machinery Dr Intersection,61(d),Amber Rd/Machinery Dr Intersection,Completed,Actual Cost,214866.11,Yes,EXCL-COMPLETE,Completed V6 item not in TRDS,0,,0
URBAN ROADS,SECTOR 2 - TWEED SOUTH,TWEED HEADS SOUTH/BANORA,,Minjungbal Dve,61(e): Extend Minjungbal Dr Right Turn Lane (30m) to Dry Dock Rd,Extend Minjungbal Dr Right Turn Lane (30m) to Dry Dock Rd,61(e),Extend Minjungbal Dr Right Turn Lane (30m) to Dry Dock Rd,Completed,Detailed Estimate,169500,Yes,EXCL-COMPLETE,Completed V6 item not in TRDS,0,,0
URBAN ROADS,SECTOR 2 - TWEED SOUTH,TWEED HEADS SOUTH/BANORA,,Minjungbal Dve,61(f): Extend Davey St( from Kirkwood to i/s Eastlakes Dr and Soorley St),Extend Davey St( from Kirkwood to i/s Eastlakes Dr and Soorley St),61(f),Extend Davey St( from Kirkwood to i/s Eastlakes Dr and Soorley St),Not Started,Preliminary Estimate,5187135,Yes,27,Extend Davey Street toMinjungbal Drive,Davey St extension to Minjungbal Dr Interchange/ Underpass. Via Soorley St to the east of Eastlake Dr.,,Existing
URBAN ROADS,SECTOR 2 - TWEED SOUTH,TWEED HEADS SOUTH/BANORA,,Minjungbal Dve,61(g): Extend Eastlakes Dr (from i/s Eastlakes and Soorley to Pacific Hwy - incl. residential lan,Extend Eastlakes Dr (from i/s Eastlakes and Soorley to Pacific Hwy - incl. residential lan,61(g),Extend Eastlakes Dr (from i/s Eastlakes and Soorley to Pacific Hwy - incl. residential land acquisition),Not Started,Preliminary Estimate,18748350,Yes,27,Extend Davey Street toMinjungbal Drive,Davey St extension to Minjungbal Dr Interchange/ Underpass. Via Soorley St to the east of Eastlake Dr.,,Existing
URBAN ROADS,SECTOR 2 - TWEED SOUTH,TWEED HEADS SOUTH/BANORA,,Minjungbal Dve,61(g1): (cont.) Environmental land acquisition,(cont.) Environmental land acquisition,61(g1),(cont.) Environmental land acquisition,Not Started,Preliminary Estimate,10524.8,Yes,27,Extend Davey Street toMinjungbal Drive,Davey St extension to Minjungbal Dr Interchange/ Underpass. Via Soorley St to the east of Eastlake Dr.,,Existing
URBAN ROADS,SECTOR 2 - TWEED SOUTH,TWEED HEADS SOUTH/BANORA,,Minjungbal Dve,61(g2): (cont.) Recreational land acquisition,(cont.) Recreational land acquisition,61(g2),(cont.) Recreational land acquisition,Not Started,Preliminary Estimate,21450,Yes,27,Extend Davey Street toMinjungbal Drive,Davey St extension to Minjungbal Dr Interchange/ Underpass. Via Soorley St to the east of Eastlake Dr.,,Existing
URBAN ROADS,SECTOR 2 - TWEED SOUTH,TWEED HEADS SOUTH/BANORA,,Minjungbal Dve,61(h): Elsie Street extention to East Lakes Drive,Elsie Street extention to East Lakes Drive,61(h),Elsie Street extention to East Lakes Drive,Not Started,Preliminary Estimate,6271867.5,Yes,27,Extend Davey Street toMinjungbal Drive,Davey St extension to Minjungbal Dr Interchange/ Underpass. Via Soorley St to the east of Eastlake Dr.,,Existing
URBAN ROADS,SECTOR 2 - TWEED SOUTH,TWEED HEADS SOUTH/BANORA,,Minjungbal Dve,61(h1): (cont.) Earthworks allowance,(cont.) Earthworks allowance,61(h1),(cont.) Earthworks allowance,Not Started,Preliminary Estimate,658800,Yes,27,Extend Davey Street toMinjungbal Drive,Davey St extension to Minjungbal Dr Interchange/ Underpass. Via Soorley St to the east of Eastlake Dr.,,Existing
URBAN ROADS,SECTOR 2 - TWEED SOUTH,TWEED HEADS SOUTH/BANORA,,Minjungbal Dve,TRDS-8: Six-laning of the PacificHighway,Six-laning of the PacificHighway,,Six-laning of the PacificHighway,TRDS-New,,0,Yes,8,Six-laning of the PacificHighway,"Motorway upgrade 6-lanes, Tugan to South Tweed Heads/Sextons Hill interchange.",,New
URBAN ROADS,SECTOR 2 - TWEED SOUTH,TWEED HEADS SOUTH/BANORA,,Greenway Dve,TRDS-21: Signalise Greenway Drive/ Traders Way intersection,Signalise Greenway Drive/ Traders Way intersection,,Signalise Greenway Drive/ Traders Way intersection,TRDS-New,,0,Yes,21,Signalise Greenway Drive/ Traders Way intersection,New signalised intersection.,,New
URBAN ROADS,SECTOR 2 - TWEED SOUTH,TWEED HEADS SOUTH/BANORA,,Greenway Dve,TRDS-22: Four-laning of GreenwayDrive,Four-laning of GreenwayDrive,,Four-laning of GreenwayDrive,TRDS-New,,0,Yes,22,Four-laning of GreenwayDrive,Traders Way to Doyal Dr (St Joseph’s College entrance). Approx 850m 4-lanesection.,,New
URBAN ROADS,SECTOR 2 - TWEED SOUTH,TWEED HEADS SOUTH/BANORA,,Leisure Drive,TRDS-23: Signalise Leisure Drive/ Darlington Drive intersection,Signalise Leisure Drive/ Darlington Drive intersection,,Signalise Leisure Drive/ Darlington Drive intersection,TRDS-New,,0,Yes,23,Signalise Leisure Drive/ Darlington Drive intersection,Replaces existing roundabout.,,New
URBAN ROADS,SECTOR 2 - TWEED SOUTH,TWEED HEADS SOUTH/BANORA,,Minjungbal Dve,TRDS-28: Upgrade Minjungbal Drive/ Machinery Drive intersection,Upgrade Minjungbal Drive/ Machinery Drive intersection,,Upgrade Minjungbal Drive/ Machinery Drive intersection,TRDS-New,,0,Yes,28,Upgrade Minjungbal Drive/ Machinery Drive intersection,Upgrade signal cycle times and phasing.,,New
URBAN ROADS,SECTOR 2 - TWEED SOUTH,TWEED HEADS SOUTH/BANORA,,Minjungbal Dve,TRDS-29: Upgrade Sexton Hill Drive/ Darlington Drive intersection,Upgrade Sexton Hill Drive/ Darlington Drive intersection,,Upgrade Sexton Hill Drive/ Darlington Drive intersection,TRDS-New,,0,Yes,29,Upgrade Sexton Hill Drive/ Darlington Drive intersection,Add left turn slip lane to Darlington Dr from Sexton Hill Dr.,,New
URBAN ROADS,SECTOR 5 - TERRANORA,TERRANORA / AREA E,,Terranora Road,62: Upgrade existing formation from Mahers Lane to Fraser Drive 2 lane only,Upgrade existing formation from Mahers Lane to Fraser Drive 2 lane only,62,Upgrade existing formation from Mahers Lane to Fraser Drive 2 lane only,Not Started,Preliminary Estimate,5900377.5,No,EXCL,V6 item not in TRDS-delete,0,,EXCL
URBAN ROADS,SECTOR 5 - TERRANORA,TERRANORA / AREA E,,Broadwater Parkway,TRDS-25: Construct BroadwaterParkway,Construct BroadwaterParkway,,Construct BroadwaterParkway,TRDS-New,,0,Yes,25,Construct BroadwaterParkway,Terranora Rd to Fraser Dr2-lane connection via Altitude Aspire development.,,Existing
URBAN ROADS,SECTOR 5 - TERRANORA,TERRANORA / AREA E,,Broadwater Parkway,63: Naponyah Rd - Existing section off Bilambil Rd,Naponyah Rd - Existing section off Bilambil Rd,63,Naponyah Rd - Existing section off Bilambil Rd,Completed,Detailed Estimate,372900,Yes,EXCL-COMPLETE,Completed V6 item not in TRDS,0,,0
URBAN ROADS,SECTOR 5 - TERRANORA,TERRANORA / AREA E,,Terranora Road,TRDS-26: Upgrade Terranora Road/ Mahers Lane intersection (roundabout),Upgrade Terranora Road/ Mahers Lane intersection (roundabout),,Upgrade Terranora Road/ Mahers Lane intersection (roundabout),TRDS-New,,0,Yes,26,Upgrade Terranora Road/ Mahers Lane intersection (roundabout),Roundabout intersection. In conjunction with upgrade Item 25.,,New
URBAN ROADS,SECTOR 6 - KINGSCLIFF,KINGSCLIFF,,Elrond Drive,65: Wommin Bay Rd and Sand St Intersection,Wommin Bay Rd and Sand St Intersection,65,Wommin Bay Rd and Sand St Intersection,Not Started,Preliminary Estimate,777750,Yes,31,Upgrade Wommin Bay Road/ Sand Street intersection (roundabout),New roundabout intersection.,,Existing
URBAN ROADS,SECTOR 6 - KINGSCLIFF,KINGSCLIFF,,Elrond Drive,66: Terrace Street Intersection,Terrace Street Intersection,66,Terrace Street Intersection,Not Started,Preliminary Estimate,777750,Yes,38,Extend Elrond Drive toOzone Street,"Elrond Dr to Ozone St connection, further investigation to be undertaken.",,Existing
URBAN ROADS,SECTOR 6 - KINGSCLIFF,KINGSCLIFF,,Elrond Drive,67: Terrace Street to Ozone St. (Sand Street),Terrace Street to Ozone St. (Sand Street),67,Terrace Street to Ozone St. (Sand Street),Not Started,Preliminary Estimate,1307306.25,Yes,38,Extend Elrond Drive toOzone Street,"Elrond Dr to Ozone St connection, further investigation to be undertaken.",,Existing
URBAN ROADS,SECTOR 6 - KINGSCLIFF,KINGSCLIFF,,Elrond Drive,68:  Ozone St Intersection, Ozone St Intersection,68, Ozone St Intersection,Not Started,Preliminary Estimate,2546445,Yes,38,Extend Elrond Drive toOzone Street,"Elrond Dr to Ozone St connection, further investigation to be undertaken.",,Existing
URBAN ROADS,SECTOR 6 - KINGSCLIFF,KINGSCLIFF,,Elrond Drive,69: Ozone St. to Beach St.,Ozone St. to Beach St.,69,Ozone St. to Beach St.,Not Started,Preliminary Estimate,5944846.5,Yes,38,Extend Elrond Drive toOzone Street,"Elrond Dr to Ozone St connection, further investigation to be undertaken.",,Existing
URBAN ROADS,SECTOR 6 - KINGSCLIFF,KINGSCLIFF,,Elrond Drive,70: Beach St to Monarch st,Beach St to Monarch st,70,Beach St to Monarch st,Completed,Detailed Estimate,606810,Yes,38,Extend Elrond Drive toOzone Street,"Elrond Dr to Ozone St connection, further investigation to be undertaken.",,Existing
URBAN ROADS,SECTOR 6 - KINGSCLIFF,KINGSCLIFF,,Elrond Drive,71: Monarch St to Turnock st (Widen and strengthen),Monarch St to Turnock st (Widen and strengthen),71,Monarch St to Turnock st (Widen and strengthen),Completed,Detailed Estimate,516975,Yes,EXCL-COMPLETE,Completed V6 item not in TRDS,0,,0
URBAN ROADS,SECTOR 6 - KINGSCLIFF,KINGSCLIFF,,Elrond Drive,72:  Turnock St Intersection, Turnock St Intersection,72, Turnock St Intersection,Completed,Detailed Estimate,396630,Yes,EXCL-COMPLETE,Completed V6 item not in TRDS,0,,0
URBAN ROADS,SECTOR 6 - KINGSCLIFF,KINGSCLIFF,,Ozone Street Link,73: Kingscliff St.Intersection,Kingscliff St.Intersection,73,Kingscliff St.Intersection,Completed,Detailed Estimate,175150,Yes,EXCL-COMPLETE,Completed V6 item not in TRDS,0,,0
URBAN ROADS,SECTOR 6 - KINGSCLIFF,KINGSCLIFF,,Ozone Street Link,74: Kingscliff St to Sands Street (Widen and strengthen),Kingscliff St to Sands Street (Widen and strengthen),74,Kingscliff St to Sands Street (Widen and strengthen),Not Started,Preliminary Estimate,585600,Yes,34,East-west link to TweedCoast Road,"New east-west link from north Kingscliff to Tweed Coast Rd. Further investigation required, proposed option includes Ozone St extension to Tweed Coast Rd via new Sand St intersection (Item37).",,Existing
URBAN ROADS,SECTOR 6 - KINGSCLIFF,KINGSCLIFF,,Ozone Street Link,75: Sand St to Tweed Coast Road,Sand St to Tweed Coast Road,75,Sand St to Tweed Coast Road,Not Started,Preliminary Estimate,15799517.28,Yes,34,East-west link to TweedCoast Road,"New east-west link from north Kingscliff to Tweed Coast Rd. Further investigation required, proposed option includes Ozone St extension to Tweed Coast Rd via new Sand St intersection (Item37).",,Existing
URBAN ROADS,SECTOR 6 - KINGSCLIFF,KINGSCLIFF,,Ozone Street Link,75(a): Sand St to Tweed Coast Road - industrial land (IN1) acquisition,Sand St to Tweed Coast Road - industrial land (IN1) acquisition,75(a),Sand St to Tweed Coast Road - industrial land (IN1) acquisition,Not Started,Preliminary Estimate,3680820,Yes,34,East-west link to TweedCoast Road,"New east-west link from north Kingscliff to Tweed Coast Rd. Further investigation required, proposed option includes Ozone St extension to Tweed Coast Rd via new Sand St intersection (Item37).",,Existing
URBAN ROADS,SECTOR 6 - KINGSCLIFF,KINGSCLIFF,,Ozone Street Link,75(b): Sand St to Tweed Coast Road - environmental land (E2) acquisition,Sand St to Tweed Coast Road - environmental land (E2) acquisition,75(b),Sand St to Tweed Coast Road - environmental land (E2) acquisition,Not Started,Preliminary Estimate,8580,Yes,34,East-west link to TweedCoast Road,"New east-west link from north Kingscliff to Tweed Coast Rd. Further investigation required, proposed option includes Ozone St extension to Tweed Coast Rd via new Sand St intersection (Item37).",,Existing
URBAN ROADS,SECTOR 6 - KINGSCLIFF,KINGSCLIFF,,Ozone Street Link,76: Sand St to Tweed Coast Road - residential land (R1) acquisition,Sand St to Tweed Coast Road - residential land (R1) acquisition,76,Sand St to Tweed Coast Road - residential land (R1) acquisition,Not Started,Preliminary Estimate,634920,Yes,34,East-west link to TweedCoast Road,"New east-west link from north Kingscliff to Tweed Coast Rd. Further investigation required, proposed option includes Ozone St extension to Tweed Coast Rd via new Sand St intersection (Item37).",,Existing
URBAN ROADS,SECTOR 6 - KINGSCLIFF,KINGSCLIFF,,Ozone Street Link,77: Rotumah St/Ozone St Intersection,Rotumah St/Ozone St Intersection,77,Rotumah St/Ozone St Intersection,Not Started,Preliminary Estimate,777750,Yes,34,East-west link to TweedCoast Road,"New east-west link from north Kingscliff to Tweed Coast Rd. Further investigation required, proposed option includes Ozone St extension to Tweed Coast Rd via new Sand St intersection (Item37).",,Existing
URBAN ROADS,SECTOR 6 - KINGSCLIFF,KINGSCLIFF,,Ozone Street Link,78: Tweed Coast Road (Signals included) Intersection,Tweed Coast Road (Signals included) Intersection,78,Tweed Coast Road (Signals included) Intersection,Not Started,Preliminary Estimate,2205150,Yes,36,Construct Tweed Coast Road/ East-west Link Road intersection (roundabout),2-lane roundabout intersection in conjunction with Item 34.,,Existing
URBAN ROADS,SECTOR 6 - KINGSCLIFF,KINGSCLIFF,,Ozone Street,TRDS-37: Upgrade Ozone Street/ Sand Street intersection (roundabout),Upgrade Ozone Street/ Sand Street intersection (roundabout),,Upgrade Ozone Street/ Sand Street intersection (roundabout),TRDS-New,,0,Yes,37,Upgrade Ozone Street/ Sand Street intersection (roundabout),2-lane roundabout in conjunction with Item 34.,,Existing
URBAN ROADS,SECTOR 6 - KINGSCLIFF,KINGSCLIFF,,Turnock Street Extension,79: Cudgen Rd Intersection,Cudgen Rd Intersection,79,Cudgen Rd Intersection,Completed,Detailed Estimate,305100,Yes,40,Extend Turnock Street toTweed Coast Road,New east-west link between south Kingscliff and Tweed Coast Rd. Completed in conjunction with Item 39.,,Existing
URBAN ROADS,SECTOR 6 - KINGSCLIFF,KINGSCLIFF,,Turnock Street Extension,80: Cudgen Rd to Pearl Street,Cudgen Rd to Pearl Street,80,Cudgen Rd to Pearl Street,Completed,Detailed Estimate,2367293.5,Yes,EXCL-COMPLETE,Completed V6 item not in TRDS,0,,0
URBAN ROADS,SECTOR 6 - KINGSCLIFF,KINGSCLIFF,,Turnock Street Extension,80.1: (cont.) Widen and Strengthen,(cont.) Widen and Strengthen,80.1,(cont.) Widen and Strengthen,Not Started,Preliminary Estimate,1306620,Yes,EXCL-COMPLETE,Completed V6 item not in TRDS,0,,0
URBAN ROADS,SECTOR 6 - KINGSCLIFF,KINGSCLIFF,,Turnock Street Extension,81: Pearl St Intersection,Pearl St Intersection,81,Pearl St Intersection,Completed,Detailed Estimate,480250,Yes,EXCL-COMPLETE,Completed V6 item not in TRDS,0,,0
URBAN ROADS,SECTOR 6 - KINGSCLIFF,KINGSCLIFF,,Turnock Street Extension,81(a): Elrond Drive to Tweed Coast Road,Elrond Drive to Tweed Coast Road,81(a),Elrond Drive to Tweed Coast Road,Not Started,Preliminary Estimate,16462405.5,Yes,40,Extend Turnock Street toTweed Coast Road,New east-west link between south Kingscliff and Tweed Coast Rd. Completed in conjunction with Item 39.,,Existing
URBAN ROADS,SECTOR 6 - KINGSCLIFF,KINGSCLIFF,,Turnock Street Extension,81(a).1: (cont.) Residential land (R1) acquisition (Elrond Dr),(cont.) Residential land (R1) acquisition (Elrond Dr),81(a).1,(cont.) Residential land (R1) acquisition (Elrond Dr),Not Started,Preliminary Estimate,4584300,Yes,40,Extend Turnock Street toTweed Coast Road,New east-west link between south Kingscliff and Tweed Coast Rd. Completed in conjunction with Item 39.,,Existing
URBAN ROADS,SECTOR 6 - KINGSCLIFF,KINGSCLIFF,,Turnock Street Extension,81(a).2: (cont.) Environmental land (E2) acquisition (Elrond Dr),(cont.) Environmental land (E2) acquisition (Elrond Dr),81(a).2,(cont.) Environmental land (E2) acquisition (Elrond Dr),Not Started,Preliminary Estimate,4760,Yes,40,Extend Turnock Street toTweed Coast Road,New east-west link between south Kingscliff and Tweed Coast Rd. Completed in conjunction with Item 39.,,Existing
URBAN ROADS,SECTOR 6 - KINGSCLIFF,KINGSCLIFF,,Turnock Street Extension,81(b): Turnock St and Tweed Coast Road Intersection Covered under Tweed Coast Road 83(b),Turnock St and Tweed Coast Road Intersection Covered under Tweed Coast Road 83(b),81(b),Turnock St and Tweed Coast Road Intersection Covered under Tweed Coast Road 83(b),Not Started,Preliminary Estimate,0,Yes,40,Extend Turnock Street toTweed Coast Road,New east-west link between south Kingscliff and Tweed Coast Rd. Completed in conjunction with Item 39.,,Existing
URBAN ROADS,SECTOR 6 - KINGSCLIFF,TWEED COAST,,Tweed Coast Road (Widening to 4 Lanes),82: Chinderah Motorway Interchange to Cudgen Road (Widen and strengthen),Chinderah Motorway Interchange to Cudgen Road (Widen and strengthen),82,Chinderah Motorway Interchange to Cudgen Road (Widen and strengthen),Commenced,Detailed Estimate,406800,Yes,35,Four-laning of Tweed CoastRoad,Pacific Motorway interchange to Tweed Coast Rd/ Casuarina Way intersection. Approx. 6.2km4-lane section.,,Existing
URBAN ROADS,SECTOR 6 - KINGSCLIFF,TWEED COAST,,Tweed Coast Road (Widening to 4 Lanes),82.1:   (cont.) Upgrade to 4 lanes,  (cont.) Upgrade to 4 lanes,82.1,  (cont.) Upgrade to 4 lanes,Not Started,Preliminary Estimate,4365792,Yes,35,Four-laning of Tweed CoastRoad,Pacific Motorway interchange to Tweed Coast Rd/ Casuarina Way intersection. Approx. 6.2km4-lane section.,,Existing
URBAN ROADS,SECTOR 6 - KINGSCLIFF,TWEED COAST,,Tweed Coast Road (Widening to 4 Lanes),82(a): Nth and Sth on Ramps I/S Tweed Coast Rd and Motorway. Widening 4m x 200m x 2,Nth and Sth on Ramps I/S Tweed Coast Rd and Motorway. Widening 4m x 200m x 2,82(a),Nth and Sth on Ramps I/S Tweed Coast Rd and Motorway. Widening 4m x 200m x 2,Not Started,Preliminary Estimate,278160,Yes,32,Upgrade Pacific Highway/ Tweed Coast Road interchange,Southbound off-ramp (Item35) access to Morton St and short additional lane on roundabout between northbound motorway on and off ramps.,,Existing
URBAN ROADS,SECTOR 6 - KINGSCLIFF,TWEED COAST,,Tweed Coast Road (Widening to 4 Lanes),83:  Cudgen Road Intersection, Cudgen Road Intersection,83, Cudgen Road Intersection,Completed,Detailed Estimate,327700,Yes,35,Four-laning of Tweed CoastRoad,Pacific Motorway interchange to Tweed Coast Rd/ Casuarina Way intersection. Approx. 6.2km4-lane section.,,Existing
URBAN ROADS,SECTOR 6 - KINGSCLIFF,TWEED COAST,,Tweed Coast Road (Widening to 4 Lanes),83(a): Incl. traffic signals,Incl. traffic signals,83(a),Incl. traffic signals,Completed,Detailed Estimate,768400,Yes,35,Four-laning of Tweed CoastRoad,Pacific Motorway interchange to Tweed Coast Rd/ Casuarina Way intersection. Approx. 6.2km4-lane section.,,Existing
URBAN ROADS,SECTOR 6 - KINGSCLIFF,TWEED COAST,,Tweed Coast Road (Widening to 4 Lanes),83(b): Traffic Lights Turnock St extention intersection for 81b,Traffic Lights Turnock St extention intersection for 81b,83(b),Traffic Lights Turnock St extention intersection for 81b,Not Started,Preliminary Estimate,1008150,Yes,40,Extend Turnock Street toTweed Coast Road,New east-west link between south Kingscliff and Tweed Coast Rd. Completed in conjunction with Item 39.,,Existing
URBAN ROADS,SECTOR 6 - KINGSCLIFF,TWEED COAST,,Tweed Coast Road (Widening to 4 Lanes),84: Cudgen Rd to Cudgen Ck Widening,Cudgen Rd to Cudgen Ck Widening,84,Cudgen Rd to Cudgen Ck Widening,Completed,Detailed Estimate,920950,Yes,35,Four-laning of Tweed CoastRoad,Pacific Motorway interchange to Tweed Coast Rd/ Casuarina Way intersection. Approx. 6.2km4-lane section.,,Existing
URBAN ROADS,SECTOR 6 - KINGSCLIFF,TWEED COAST,,Tweed Coast Road (Widening to 4 Lanes),84: (cont.) Full Width,(cont.) Full Width,84,(cont.) Full Width,Not Started,Preliminary Estimate,14855820,Yes,35,Four-laning of Tweed CoastRoad,Pacific Motorway interchange to Tweed Coast Rd/ Casuarina Way intersection. Approx. 6.2km4-lane section.,,Existing
URBAN ROADS,SECTOR 6 - KINGSCLIFF,TWEED COAST,,Tweed Coast Road (Widening to 4 Lanes),85: Bridge over Cudgen Ck,Bridge over Cudgen Ck,85,Bridge over Cudgen Ck,Not Started,Preliminary Estimate,3660000,Yes,35,Four-laning of Tweed CoastRoad,Pacific Motorway interchange to Tweed Coast Rd/ Casuarina Way intersection. Approx. 6.2km4-lane section.,,Existing
URBAN ROADS,SECTOR 6 - KINGSCLIFF,TWEED COAST,,Tweed Coast Road (Widening to 4 Lanes),85(a): Existing bridge over Cudgen Ck,Existing bridge over Cudgen Ck,85(a),Existing bridge over Cudgen Ck,Completed,Detailed Estimate,2260000,Yes,35,Four-laning of Tweed CoastRoad,Pacific Motorway interchange to Tweed Coast Rd/ Casuarina Way intersection. Approx. 6.2km4-lane section.,,Existing
URBAN ROADS,SECTOR 6 - KINGSCLIFF,TWEED COAST,,Tweed Coast Road (Widening to 4 Lanes),86: Cudgen Creek to Bogangar Widening and strengthening,Cudgen Creek to Bogangar Widening and strengthening,86,Cudgen Creek to Bogangar Widening and strengthening,Completed,Detailed Estimate,429400,Yes,EXCL-COMPLETE,Completed V6 item not in TRDS,0,,0
URBAN ROADS,SECTOR 6 - KINGSCLIFF,TWEED COAST,,Tweed Coast Road (Widening to 4 Lanes),86.1: (cont.) Upgrade to 4 lanes,(cont.) Upgrade to 4 lanes,86.1,(cont.) Upgrade to 4 lanes,Not Started,Preliminary Estimate,16129176,Yes,EXCL-COMPLETE,Completed V6 item not in TRDS,0,,0
URBAN ROADS,SECTOR 6 - KINGSCLIFF,TWEED COAST,,Tweed Coast Road (Widening to 4 Lanes),86(a): Traffic Lights Depot Road Kings Forest,Traffic Lights Depot Road Kings Forest,86(a),Traffic Lights Depot Road Kings Forest,Not Started,Preliminary Estimate,972400,Yes,41,Upgrade Tweed Coast Road/ Depot Road intersection (roundabout),2-lane roundabout intersection.,,Existing
URBAN ROADS,SECTOR 6 - KINGSCLIFF,TWEED COAST,,Tweed Coast Road (Widening to 4 Lanes),TRDS-33: Construct direct connection between Pacific Highway offramp and Morton Street. Retain exis,Construct direct connection between Pacific Highway offramp and Morton Street. Retain exis,,Construct direct connection between Pacific Highway offramp and Morton Street. Retain existing Morton Street access as left-in/left- out only.,TRDS-New,,0,Yes,33,Construct direct connection between Pacific Highway offramp and Morton Street. Retain existing Morton Street access as left-in/left- out only.,Morton St access from southbound off-ramp and restriction of existing Morton St/Tweed Coast Rd intersection to left-in/left-out only. Completed in conjunction with Item 32.,,Existing
URBAN ROADS,SECTOR 6 - KINGSCLIFF,TWEED COAST,,Tweed Coast Road,TRDS-39: Upgrade Tweed Coast Road/ Crescent Street intersection (roundabout),Upgrade Tweed Coast Road/ Crescent Street intersection (roundabout),,Upgrade Tweed Coast Road/ Crescent Street intersection (roundabout),TRDS-New,,0,Yes,39,Upgrade Tweed Coast Road/ Crescent Street intersection (roundabout),2-lane roundabout intersection.,,New
URBAN ROADS,SECTOR 6 - KINGSCLIFF,KINGSCLIFF,,Waugh St,TRDS-30: Upgrade Waugh Street/ Phillip Street intersection (roundabout),Upgrade Waugh Street/ Phillip Street intersection (roundabout),,Upgrade Waugh Street/ Phillip Street intersection (roundabout),TRDS-New,,0,Yes,30,Upgrade Waugh Street/ Phillip Street intersection (roundabout),New roundabout intersection.,,New
URBAN ROADS,SECTOR 7 - DURANBAH/ CABARITA,Bogangar,87,,87: Northern gateway threshold,Northern gateway threshold,87,Northern gateway threshold,Completed,Actual Cost,54240,Yes,EXCL-COMPLETE,Completed V6 item not in TRDS,0,,0
URBAN ROADS,SECTOR 7 - DURANBAH/ CABARITA,Bogangar,88,,88: Hastings Road/Coast Rd Intersection,Hastings Road/Coast Rd Intersection,88,Hastings Road/Coast Rd Intersection,Completed,Actual Cost,175150,Yes,EXCL-COMPLETE,Completed V6 item not in TRDS,0,,0
URBAN ROADS,SECTOR 7 - DURANBAH/ CABARITA,Bogangar,89,,89: Pedestrian crossing - Pandanus Pde,Pedestrian crossing - Pandanus Pde,89,Pedestrian crossing - Pandanus Pde,Completed,Actual Cost,169500,Yes,EXCL-COMPLETE,Completed V6 item not in TRDS,0,,0
URBAN ROADS,SECTOR 7 - DURANBAH/ CABARITA,Bogangar,90,,90: Rosewood Ave/Coast Rd Intersection,Rosewood Ave/Coast Rd Intersection,90,Rosewood Ave/Coast Rd Intersection,Completed,Actual Cost,309620,Yes,EXCL-COMPLETE,Completed V6 item not in TRDS,0,,0
URBAN ROADS,SECTOR 7 - DURANBAH/ CABARITA,Bogangar,91,,91: Southern Gateway,Southern Gateway,91,Southern Gateway,Completed,Actual Cost,54240,Yes,EXCL-COMPLETE,Completed V6 item not in TRDS,0,,0
URBAN ROADS,SECTOR 7 - DURANBAH/ CABARITA,Hastings Point,,,95: Northern Gateway,Northern Gateway,95,Northern Gateway,Completed,Detailed Estimate,57630,Yes,EXCL-COMPLETE,Completed V6 item not in TRDS,0,,0
URBAN ROADS,SECTOR 7 - DURANBAH/ CABARITA,Hastings Point,,,96: Hastings Point Traffic Management Devices,Hastings Point Traffic Management Devices,96,Hastings Point Traffic Management Devices,Completed,Detailed Estimate,169500,Yes,EXCL-COMPLETE,Completed V6 item not in TRDS,0,,0
URBAN ROADS,SECTOR 7 - DURANBAH/ CABARITA,Hastings Point,,,97: Southern gateway threshold,Southern gateway threshold,97,Southern gateway threshold,Completed,Detailed Estimate,57630,Yes,EXCL-COMPLETE,Completed V6 item not in TRDS,0,,0
URBAN ROADS,SECTOR 8 - POTTSVILLE,Pottsville,99,,99:  Boronia Ave with Tweed Coast Road Intersection, Boronia Ave with Tweed Coast Road Intersection,99, Boronia Ave with Tweed Coast Road Intersection,Completed,Actual Cost,192100,Yes,EXCL-COMPLETE,Completed V6 item not in TRDS,0,,0
URBAN ROADS,SECTOR 8 - POTTSVILLE,Pottsville,,,100: Elfran to Boronia St Traffic Management Devices,Elfran to Boronia St Traffic Management Devices,100,Elfran to Boronia St Traffic Management Devices,Completed,Actual Cost,135600,Yes,EXCL-COMPLETE,Completed V6 item not in TRDS,0,,0
URBAN ROADS,SECTOR 8 - POTTSVILLE,Pottsville,101,,101:  Coronation Ave/Coast Rd Intersection, Coronation Ave/Coast Rd Intersection,101, Coronation Ave/Coast Rd Intersection,Completed,Actual Cost,310750,Yes,EXCL-COMPLETE,Completed V6 item not in TRDS,0,,0
URBAN ROADS,SECTOR 8 - POTTSVILLE,Pottsville,,,102:  Overall Dr with Tweed Coast Road Intersection, Overall Dr with Tweed Coast Road Intersection,102, Overall Dr with Tweed Coast Road Intersection,Completed,Actual Cost,151420,Yes,EXCL-COMPLETE,Completed V6 item not in TRDS,0,,0
URBAN ROADS,SECTOR 8 - POTTSVILLE,Pottsville,,,103: Southern Threshold,Southern Threshold,103,Southern Threshold,Completed,Actual Cost,54240,Yes,EXCL-COMPLETE,Completed V6 item not in TRDS,0,,0
URBAN ROADS,SECTOR 8 - POTTSVILLE,Pottsville,,,104: Coronation Dr Threshold (West),Coronation Dr Threshold (West),104,Coronation Dr Threshold (West),Completed,Actual Cost,54240,Yes,EXCL-COMPLETE,Completed V6 item not in TRDS,0,,0
URBAN ROADS,SECTOR 8 - POTTSVILLE,Pottsville,,,107(a): Kellehers Rd from  Pottsville Rd to Blackrocks,Kellehers Rd from  Pottsville Rd to Blackrocks,107(a),Kellehers Rd from  Pottsville Rd to Blackrocks,Not Started,Preliminary Estimate,6661200,Yes,45,Extend Kellehers Road toPottsville Road,Kellehers Rd extension to Pottsville – Mooball Rd. Completed in conjunction with Item 46.,,Existing
URBAN ROADS,SECTOR 8 - POTTSVILLE,Pottsville,,,107(b): Seabreeze to Koala Beach connector road,Seabreeze to Koala Beach connector road,107(b),Seabreeze to Koala Beach connector road,Completed,Actual Cost,391175.49,Yes,EXCL-COMPLETE,Completed V6 item not in TRDS,0,,0
URBAN ROADS,SECTOR 8 - POTTSVILLE,Pottsville,,,107(c): Seabreeze to Koala Beach connector bridge,Seabreeze to Koala Beach connector bridge,107(c),Seabreeze to Koala Beach connector bridge,Completed,Actual Cost,269121.93,Yes,EXCL-COMPLETE,Completed V6 item not in TRDS,0,,0
URBAN ROADS,SECTOR 8 - POTTSVILLE,Pottsville,,,107(d): Seabreeze Blvd/ Koala Beach Connector Upgrade Intersection  (included in cost of connector,Seabreeze Blvd/ Koala Beach Connector Upgrade Intersection  (included in cost of connector,107(d),Seabreeze Blvd/ Koala Beach Connector Upgrade Intersection  (included in cost of connector road),Completed,,0,Yes,EXCL-COMPLETE,Completed V6 item not in TRDS,0,,0
URBAN ROADS,SECTOR 8 - POTTSVILLE,Blackrocks,,,108: Blackrocks Bridge,Blackrocks Bridge,108,Blackrocks Bridge,Completed,Actual Cost,1820750.92,Yes,EXCL-COMPLETE,Completed V6 item not in TRDS,0,,0
URBAN ROADS,SECTOR 8 - POTTSVILLE,Blackrocks,,,109: i/s - Blackrocks Bridge & Coast Road,i/s - Blackrocks Bridge & Coast Road,109,i/s - Blackrocks Bridge & Coast Road,Completed,Detailed Estimate,192100,Yes,EXCL-COMPLETE,Completed V6 item not in TRDS,0,,0
URBAN ROADS,SECTOR 8 - POTTSVILLE,Cudgera Ck Rd,,,TRDS-42: Upgrade Pacific Highway (northbound)/ Cudgera Creek Road intersection (roundabout),Upgrade Pacific Highway (northbound)/ Cudgera Creek Road intersection (roundabout),,Upgrade Pacific Highway (northbound)/ Cudgera Creek Road intersection (roundabout),TRDS-New,,0,Yes,42,Upgrade Pacific Highway (northbound)/ Cudgera Creek Road intersection (roundabout),Single lane roundabout intersection.,,New
URBAN ROADS,SECTOR 8 - POTTSVILLE,Cudgera Ck Rd,,,TRDS-43: Upgrade Pacific Highway (southbound)/ Cudgera Creek Road intersection (roundabout),Upgrade Pacific Highway (southbound)/ Cudgera Creek Road intersection (roundabout),,Upgrade Pacific Highway (southbound)/ Cudgera Creek Road intersection (roundabout),TRDS-New,,0,Yes,43,Upgrade Pacific Highway (southbound)/ Cudgera Creek Road intersection (roundabout),Single lane roundabout intersection.,,New
URBAN ROADS,SECTOR 8 - POTTSVILLE,Cudgera Ck Rd,,,TRDS-44: Upgrade Cudgera Creek Road/ Pottsville Road intersection (roundabout),Upgrade Cudgera Creek Road/ Pottsville Road intersection (roundabout),,Upgrade Cudgera Creek Road/ Pottsville Road intersection (roundabout),TRDS-New,,0,Yes,44,Upgrade Cudgera Creek Road/ Pottsville Road intersection (roundabout),Single lane roundabout intersection.,,New
URBAN ROADS,SECTOR 9 - MURWILLUMBAH,MURWILLUMBAH,112.1,Cane Road,112(a): Cane Rd Extension to Barnby St Subdivision,Cane Rd Extension to Barnby St Subdivision,112(a),Cane Rd Extension to Barnby St Subdivision,Commenced,Detailed Estimate,8787982,Yes,47,Extend Cane Road to RousRiver Way,Cane Rd/Queensland Rd intersection to Rous River Way connection.,,Existing
URBAN ROADS,SECTOR 9 - MURWILLUMBAH,MURWILLUMBAH,,,112(b): West End to Frances St Extension,West End to Frances St Extension,112(b),West End to Frances St Extension,Not Started,Preliminary Estimate,3166998,Yes,48,Extend West End Street toFrances Street,West End St to Frances St connection.,,Existing
URBAN ROADS,SECTOR 9 - MURWILLUMBAH,MURWILLUMBAH,112.3,,112(c):  Byangum Rd/William St Intersection, Byangum Rd/William St Intersection,112(c), Byangum Rd/William St Intersection,Completed,Actual Cost,650188.44,Yes,EXCL-COMPLETE,Completed V6 item not in TRDS,0,,0
URBAN ROADS,SECTOR 9 - MURWILLUMBAH,MURWILLUMBAH,,North Arm Road,112(d):  North Arm Rd and Old Lismore Rd (Byangum Rd) Intersection, North Arm Rd and Old Lismore Rd (Byangum Rd) Intersection,112(d), North Arm Rd and Old Lismore Rd (Byangum Rd) Intersection,Not Started,Preliminary Estimate,686250,Yes,LEGACY,                                      ,0,,LEGACY
URBAN ROADS,SECTOR 9 - MURWILLUMBAH,MURWILLUMBAH,112.5,West End Street,112(e):  West End/Byangum/Wollumbin St Intersection, West End/Byangum/Wollumbin St Intersection,112(e), West End/Byangum/Wollumbin St Intersection,Completed,Actual Cost,168268.3,Yes,EXCL-COMPLETE,Completed V6 item not in TRDS,0,,0
URBAN ROADS,SECTOR 9 - MURWILLUMBAH,MURWILLUMBAH,112.6,West End Street,112(f):  West End/Wentworth St Intersection, West End/Wentworth St Intersection,112(f), West End/Wentworth St Intersection,Not Started,Preliminary Estimate,686250,Yes,48,Extend West End Street toFrances Street,West End St to Frances St connection.,,Existing
URBAN ROADS,SECTOR 9 - MURWILLUMBAH,MURWILLUMBAH,,Castlefield Drive,112(g): Widening Castlefield Drive for indented parking,Widening Castlefield Drive for indented parking,112(g),Widening Castlefield Drive for indented parking,Not Started,Preliminary Estimate,402142.5,Yes,LEGACY,V6 item not in TRDS but retain.,0,,LEGACY
URBAN ROADS,SECTOR 9 - MURWILLUMBAH,MURWILLUMBAH,,Cane Road,112(h): Widening Cane Rd,Widening Cane Rd,112(h),Widening Cane Rd,Not Started,Preliminary Estimate,1756800,Yes,LEGACY,V6 item not in TRDS but retain.,0,,LEGACY
URBAN ROADS,SECTOR 9 - MURWILLUMBAH,MURWILLUMBAH,,,112(j): West End St Extension - Frances St to Barnaby St Subdivision (50/50 Split with Developer),West End St Extension - Frances St to Barnaby St Subdivision (50/50 Split with Developer),112(j),West End St Extension - Frances St to Barnaby St Subdivision (50/50 Split with Developer),Not Started,Preliminary Estimate,1110561.12,Yes,LEGACY,V6 item not in TRDS but retain.,0,,LEGACY
URBAN ROADS,SECTOR 9 - MURWILLUMBAH,MURWILLUMBAH,,,"112(k): Old Lismore Road + intersection (with North Arm Road), included in 112(m)","Old Lismore Road + intersection (with North Arm Road), included in 112(m)",112(k),"Old Lismore Road + intersection (with North Arm Road), included in 112(m)",Not Started,Preliminary Estimate,0,Yes,LEGACY,V6 item not in TRDS but retain.,0,,LEGACY
URBAN ROADS,SECTOR 9 - MURWILLUMBAH,MURWILLUMBAH,,,112(k) (cont): (cont.) Extend Sovereign Way to Old Lismore Road to allow for through connection with Cast,(cont.) Extend Sovereign Way to Old Lismore Road to allow for through connection with Cast,112(k) (cont),(cont.) Extend Sovereign Way to Old Lismore Road to allow for through connection with Castlefield Drive extension (developer works),Not Started,Preliminary Estimate,918660,No,EXCL,V6 item not in TRDS-delete,0,,EXCL
URBAN ROADS,SECTOR 9 - MURWILLUMBAH,MURWILLUMBAH,,,112(k) (cont): (cont.) Construct Cul-de Sacs on Old Lismore Road either side of Sovereign Way - Castlefie,(cont.) Construct Cul-de Sacs on Old Lismore Road either side of Sovereign Way - Castlefie,112(k) (cont),"(cont.) Construct Cul-de Sacs on Old Lismore Road either side of Sovereign Way - Castlefield Drive, past last driveways, convert road to pathway, and create Left in Left out intersection at Tyalgum Road",Not Started,Preliminary Estimate,1391715,No,EXCL,V6 item not in TRDS-delete,0,,EXCL
URBAN ROADS,SECTOR 9 - MURWILLUMBAH,MURWILLUMBAH,,,112(m): Old Lismore Rd from North Arm Rd ,Old Lismore Rd from North Arm Rd ,112(m),Old Lismore Rd from North Arm Rd ,Not Started,Preliminary Estimate,1417152,No,EXCL,V6 item not in TRDS-delete,0,,EXCL
URBAN ROADS,SECTOR 9 - MURWILLUMBAH,MURWILLUMBAH,,,112(n): Joshua St To Subdivision Boundary New Road,Joshua St To Subdivision Boundary New Road,112(n),Joshua St To Subdivision Boundary New Road,Completed,Preliminary Estimate,974475,Yes,EXCL-COMPLETE,Completed V6 item not in TRDS,0,,0
URBAN ROADS,SECTOR 9 - MURWILLUMBAH,MURWILLUMBAH,,,TRDS-49: Four-laning of Tweed Valley Way (River Street to Quarry Road),Four-laning of Tweed Valley Way (River Street to Quarry Road),,Four-laning of Tweed Valley Way (River Street to Quarry Road),TRDS-New,,0,Yes,49,Four-laning of Tweed Valley Way (River Street to Quarry Road),Alma St/ Tweed Valley Way roundabout to 150m east of the Quarry Rd /Tweed Valley Way intersection. Approx 1.4km 4-lane section.,,New
COASTAL RURAL ROADS,SECTOR 6 - KINGSCLIFF,Cudgen Road,,,113: Tweed Valley Way to Duranbah Rd,Tweed Valley Way to Duranbah Rd,113,Tweed Valley Way to Duranbah Rd,Completed,Detailed Estimate,556242.5,Yes,EXCL-COMPLETE,Completed V6 item not in TRDS,0,,0
COASTAL RURAL ROADS,SECTOR 7 - DURANBAH/ CABARITA,Clothiers Ck,,,116: Clothiers Ck Rd:  Stage 1 Motorway to Tristinia Dr,Clothiers Ck Rd:  Stage 1 Motorway to Tristinia Dr,116,Clothiers Ck Rd:  Stage 1 Motorway to Tristinia Dr,Completed,Actual Cost,426744.5,Yes,EXCL-COMPLETE,Completed V6 item not in TRDS,0,,0
COASTAL RURAL ROADS,SECTOR 7 - DURANBAH/ CABARITA,Clothiers Ck,,,116(a): Stage 2: Tanglewood to Tristinia Dr ,Stage 2: Tanglewood to Tristinia Dr ,116(a),Stage 2: Tanglewood to Tristinia Dr ,Completed,Actual Cost,565565,Yes,EXCL-COMPLETE,Completed V6 item not in TRDS,0,,0
COASTAL RURAL ROADS,SECTOR 7 - DURANBAH/ CABARITA,Clothiers Ck,,,116(b): Stage 3: Tanglewood Dr to Rosewood ,Stage 3: Tanglewood Dr to Rosewood ,116(b),Stage 3: Tanglewood Dr to Rosewood ,Completed,Detailed Estimate,1836250,Yes,EXCL-COMPLETE,Completed V6 item not in TRDS,0,,0
COASTAL RURAL ROADS,SECTOR 8 - POTTSVILLE,Mooball/Pottsville Rd,,,117: Pottsville - Cudgera Ck Rd,Pottsville - Cudgera Ck Rd,117,Pottsville - Cudgera Ck Rd,Not Started,Preliminary Estimate,1207342.5,Yes,LEGACY,V6 item not in TRDS but retain.,0,,LEGACY
COASTAL RURAL ROADS,SECTOR 8 - POTTSVILLE,Cudgera Ck Rd,,,118: 2km section from Pottsville Mooball Rd  (RTA),2km section from Pottsville Mooball Rd  (RTA),118,2km section from Pottsville Mooball Rd  (RTA),Completed,Detailed Estimate,1028300,Yes,EXCL-COMPLETE,Completed V6 item not in TRDS,0,,0
INLAND RURAL ROADS,SECTOR 12 - RURAL INNER,Kyogle Road,,,120: Kyogle Rd Stage 1 : Byangum Bridge Ch 0 - Ch1500 (approx Boulder Close),Kyogle Rd Stage 1 : Byangum Bridge Ch 0 - Ch1500 (approx Boulder Close),120,Kyogle Rd Stage 1 : Byangum Bridge Ch 0 - Ch1500 (approx Boulder Close),Completed,Actual Cost,440700,Yes,EXCL-COMPLETE,Completed V6 item not in TRDS,0,,0
INLAND RURAL ROADS,SECTOR 12 - RURAL INNER,Kyogle Road,,,120(a): Kyogle Rd Stage 2 : Ch1500 - 2500 (approx 1//600298),Kyogle Rd Stage 2 : Ch1500 - 2500 (approx 1//600298),120(a),Kyogle Rd Stage 2 : Ch1500 - 2500 (approx 1//600298),Completed,Actual Cost,440700,Yes,EXCL-COMPLETE,Completed V6 item not in TRDS,0,,0
INLAND RURAL ROADS,SECTOR 12 - RURAL INNER,Kyogle Road,,,120(b): Kyogle Rd Stage 3: Ch2500 - Ch4000 (approx Mt Warning Rd),Kyogle Rd Stage 3: Ch2500 - Ch4000 (approx Mt Warning Rd),120(b),Kyogle Rd Stage 3: Ch2500 - Ch4000 (approx Mt Warning Rd),Completed,Actual Cost,440700,Yes,EXCL-COMPLETE,Completed V6 item not in TRDS,0,,0
INLAND RURAL ROADS,SECTOR 12 - RURAL INNER,Kyogle Road,,,"120(c): Kyogle Rd Stage 4: Ch4000 - Ch8500 (approx Marshal St, Uki)","Kyogle Rd Stage 4: Ch4000 - Ch8500 (approx Marshal St, Uki)",120(c),"Kyogle Rd Stage 4: Ch4000 - Ch8500 (approx Marshal St, Uki)",Completed,Actual Cost,2313675,Yes,EXCL-COMPLETE,Completed V6 item not in TRDS,0,,0
INLAND RURAL ROADS,SECTOR 12 - RURAL INNER,Kyogle Road,,,120(d): Kyogle Rd Stage 5: Ch8500 - 13000 (approx Palmers Rd),Kyogle Rd Stage 5: Ch8500 - 13000 (approx Palmers Rd),120(d),Kyogle Rd Stage 5: Ch8500 - 13000 (approx Palmers Rd),Completed,Actual Cost,2313675,Yes,EXCL-COMPLETE,Completed V6 item not in TRDS,0,,0
INLAND RURAL ROADS,SECTOR 10 - KIELVALE,Quarry Road / Reserve Creek Road / Lundberg Drive,,,123: Quarry Rd - Upgrade Existing from Tweed Valley Way to Reserve Creek Rd,Quarry Rd - Upgrade Existing from Tweed Valley Way to Reserve Creek Rd,123,Quarry Rd - Upgrade Existing from Tweed Valley Way to Reserve Creek Rd,Not Started,Preliminary Estimate,436272,Yes,LEGACY,V6 item not in TRDS but retain.,0,,LEGACY
INLAND RURAL ROADS,SECTOR 10 - KIELVALE,Quarry Road / Reserve Creek Road / Lundberg Drive,,,123(a): Reserve Creek Road  upgrade to 2 lanes HD pavement,Reserve Creek Road  upgrade to 2 lanes HD pavement,123(a),Reserve Creek Road  upgrade to 2 lanes HD pavement,Not Started,Preliminary Estimate,734973.75,Yes,LEGACY,V6 item not in TRDS but retain.,0,,LEGACY
INLAND RURAL ROADS,SECTOR 10 - KIELVALE,Quarry Road / Reserve Creek Road / Lundberg Drive,,,123(b): New Road Lundberg Dr to Reserve Creek Rd incl. intersection treatment Lundberg Dr,New Road Lundberg Dr to Reserve Creek Rd incl. intersection treatment Lundberg Dr,123(b),New Road Lundberg Dr to Reserve Creek Rd incl. intersection treatment Lundberg Dr,Not Started,Preliminary Estimate,2061083.25,Yes,LEGACY,V6 item not in TRDS but retain.,0,,LEGACY
INLAND RURAL ROADS,SECTOR 10 - KIELVALE,Quarry Road / Reserve Creek Road / Lundberg Drive,,,123(c): Intersection upgrade Reserve Creek Rd and New Road including Bridge,Intersection upgrade Reserve Creek Rd and New Road including Bridge,123(c),Intersection upgrade Reserve Creek Rd and New Road including Bridge,Not Started,Preliminary Estimate,3504450,Yes,LEGACY,V6 item not in TRDS but retain.,0,,LEGACY
INLAND RURAL ROADS,SECTOR 10 - KIELVALE,Quarry Road / Reserve Creek Road / Lundberg Drive,,,"123(d): Tweed Valley Way / Quarry Road Int upgrade incl. traffic signals, road works 120 m E,W and","Tweed Valley Way / Quarry Road Int upgrade incl. traffic signals, road works 120 m E,W and",123(d),"Tweed Valley Way / Quarry Road Int upgrade incl. traffic signals, road works 120 m E,W and bridge duplication",Not Started,Preliminary Estimate,10465587,Yes,50,Upgrade Tweed Valley Way/ Quarry Road intersection,Signalise intersection.,,Existing
INLAND RURAL ROADS,SECTOR 10 - KIELVALE,Quarry Road / Reserve Creek Road / Lundberg Drive,,,123(e): Quarry Rd and Reserve Ck Rd Roundabout (Suitable for Bdouble-15m radius),Quarry Rd and Reserve Ck Rd Roundabout (Suitable for Bdouble-15m radius),123(e),Quarry Rd and Reserve Ck Rd Roundabout (Suitable for Bdouble-15m radius),Not Started,Preliminary Estimate,1517070,Yes,LEGACY,V6 item not in TRDS but retain.,0,,LEGACY
INLAND RURAL ROADS,SECTOR 12 - RURAL INNER,Tomewin Rd,,,124: Tomewin Rd : Dulguigan - QLD Border,Tomewin Rd : Dulguigan - QLD Border,124,Tomewin Rd : Dulguigan - QLD Border,Completed,Detailed Estimate,3924151,Yes,EXCL-COMPLETE,Completed V6 item not in TRDS,0,,0
INLAND RURAL ROADS,SECTOR 12 - RURAL INNER,Tomewin Rd,,,124a.: Numinbah - Dulguigan,Numinbah - Dulguigan,124a.,Numinbah - Dulguigan,Completed,Detailed Estimate,1274075,Yes,EXCL-COMPLETE,Completed V6 item not in TRDS,0,,0
LOCAL AREA WORKS,LAC 3,Pottsville-Local Area No 3,,Seabreeze Estate/Koala Beach Connector:,135: Seabreeze Estate - Bridge,Seabreeze Estate - Bridge,135,Seabreeze Estate - Bridge,Completed,Actual Cost,282500,Yes,EXCL-COMPLETE,Completed V6 item not in TRDS,0,,0
LOCAL AREA WORKS,LAC 3,Pottsville-Local Area No 3,,Seabreeze Estate/Koala Beach Connector:,136: Seabreeze to Koala Beach Connector Rd,Seabreeze to Koala Beach Connector Rd,136,Seabreeze to Koala Beach Connector Rd,Completed,Actual Cost,395500,Yes,EXCL-COMPLETE,Completed V6 item not in TRDS,0,,0
LOCAL AREA WORKS,LAC 3,Pottsville-Local Area No 3,,Seabreeze Estate/Koala Beach Connector:,136(a): Seabreeze Connector Rd/Macadamia Av Roundabout (included in actual cost of connector road),Seabreeze Connector Rd/Macadamia Av Roundabout (included in actual cost of connector road),136(a),Seabreeze Connector Rd/Macadamia Av Roundabout (included in actual cost of connector road),Completed,,0,Yes,EXCL-COMPLETE,Completed V6 item not in TRDS,0,,0
LOCAL AREA WORKS,LAC 3,Pottsville-Local Area No 3,,Seabreeze Estate/Koala Beach Connector:,136(b): Seabreeze. Enhance I/S at sports ground access (included in actual cost of connector road),Seabreeze. Enhance I/S at sports ground access (included in actual cost of connector road),136(b),Seabreeze. Enhance I/S at sports ground access (included in actual cost of connector road),Completed,,0,Yes,EXCL-COMPLETE,Completed V6 item not in TRDS,0,,0
LOCAL AREA WORKS,LAC 4,Local Area No 4,,Local Area Works,137: 3 intersection upgrades Tweed Coast Road (Dianella Dr; Barclay Dr; Celerywood Dr) includin,3 intersection upgrades Tweed Coast Road (Dianella Dr; Barclay Dr; Celerywood Dr) includin,137,3 intersection upgrades Tweed Coast Road (Dianella Dr; Barclay Dr; Celerywood Dr) including traffic signals,Completed,Detailed Estimate,1548800,Yes,EXCL-COMPLETE,Completed V6 item not in TRDS,0,,0
